,date,Year,Season,Readiness Score,Average Resting Heart Rate,Respiratory Rate,Average HRV,Deep Sleep Time,Recovery Index Score,Steps,Activity Score,Temperature Deviation (Â°C),Infradian Rythm (Data)
1,2017-10-07,2017,Autumn,92.0,65.125,14.0,28.0,48.5,100.0,11562.0,94.0,-0.16,Follicular
2,2017-10-08,2017,Autumn,92.0,65.5,13.625,30.0,32.5,100.0,6076.0,87.0,-0.02,Follicular
3,2017-10-09,2017,Autumn,75.0,70.125,14.25,27.0,27.0,1.0,8407.0,84.0,0.12,Follicular
4,2017-10-10,2017,Autumn,91.0,64.375,13.125,29.0,40.5,100.0,5333.0,72.0,-0.09,Follicular
6,2017-10-12,2017,Autumn,80.0,68.625,14.125,28.0,29.0,9.0,3920.0,62.0,-0.02,Follicular
7,2017-10-13,2017,Autumn,81.0,64.625,13.5,32.0,39.0,61.0,5581.0,46.0,-0.3,Follicular
8,2017-10-14,2017,Autumn,76.0,66.75,13.75,31.0,60.0,63.0,9730.0,67.0,-0.09,Follicular
9,2017-10-15,2017,Autumn,79.0,66.875,13.75,25.0,49.5,100.0,5753.0,64.0,-0.3,Follicular
10,2017-10-16,2017,Autumn,71.0,69.0,13.75,24.0,28.5,1.0,6485.0,62.0,0.12,Follicular
11,2017-10-17,2017,Autumn,78.0,65.5,14.375,34.0,46.0,100.0,5180.0,60.0,-0.23,Ovulation
12,2017-10-18,2017,Autumn,59.0,73.125,14.625,22.0,12.5,42.0,4969.0,57.0,0.05,Ovulation
13,2017-10-19,2017,Autumn,74.0,67.375,14.25,31.0,34.5,73.0,6498.0,61.0,-0.02,Ovulation
14,2017-10-20,2017,Autumn,75.0,67.5,14.5,26.0,24.5,59.0,4807.0,55.0,-0.09,Ovulation
15,2017-10-21,2017,Autumn,76.0,73.25,14.625,23.0,54.0,95.0,8467.0,70.0,0.12,Ovulation
16,2017-10-22,2017,Autumn,73.0,70.375,13.875,24.0,42.5,100.0,7758.0,67.0,-0.09,Ovulation
17,2017-10-23,2017,Autumn,75.0,69.625,13.5,21.0,53.0,24.0,5732.0,51.0,0.26,Ovulation
18,2017-10-24,2017,Autumn,80.0,67.75,14.125,34.0,37.0,59.0,4745.0,60.0,0.05,Lutheal
19,2017-10-25,2017,Autumn,74.0,72.25,14.125,22.0,12.0,9.0,3590.0,55.0,0.33,Lutheal
20,2017-10-26,2017,Autumn,77.0,69.0,14.375,28.0,59.5,77.0,6392.0,59.0,0.33,Lutheal
21,2017-10-27,2017,Autumn,69.0,71.5,14.125,25.0,14.0,28.0,4632.0,49.0,0.47,Lutheal
22,2017-10-28,2017,Autumn,77.0,69.625,13.875,29.0,51.0,100.0,12171.0,80.0,0.33,Lutheal
23,2017-10-29,2017,Autumn,67.0,78.25,14.625,18.0,39.5,56.0,2051.0,67.0,0.47,Lutheal
24,2017-10-30,2017,Autumn,83.0,72.875,14.25,23.0,57.0,76.0,3278.0,61.0,0.4,Lutheal
25,2017-10-31,2017,Autumn,79.0,71.25,14.0,21.0,7.5,100.0,4616.0,58.0,0.33,Lutheal
26,2017-11-01,2017,Autumn,67.0,77.375,14.75,22.0,54.5,80.0,4729.0,57.0,0.61,Lutheal
27,2017-11-02,2017,Autumn,87.0,68.875,14.25,28.0,98.0,100.0,3680.0,58.0,0.33,Lutheal
28,2017-11-03,2017,Autumn,81.0,67.75,14.125,23.0,37.0,93.0,6158.0,50.0,0.47,Lutheal
29,2017-11-04,2017,Autumn,79.0,72.75,14.5,23.0,16.0,76.0,11486.0,82.0,0.19,Lutheal
32,2017-11-07,2017,Autumn,87.0,64.75,14.25,31.0,37.5,100.0,5127.0,65.0,-0.09,Period
34,2017-11-09,2017,Autumn,77.0,64.125,14.375,28.0,8.0,65.0,6202.0,60.0,0.12,Period
35,2017-11-10,2017,Autumn,79.0,64.125,14.375,28.0,30.5,65.0,5788.0,46.0,0.33,Period
37,2017-11-12,2017,Autumn,62.0,71.375,13.75,24.0,40.0,99.0,7895.0,82.0,-0.02,Follicular
38,2017-11-13,2017,Autumn,82.0,64.375,14.375,33.0,25.5,27.0,9151.0,76.0,0.19,Follicular
39,2017-11-14,2017,Autumn,71.0,67.875,15.0,45.0,3.0,1.0,4783.0,65.0,0.12,Follicular
40,2017-11-15,2017,Autumn,83.0,64.0,14.5,27.0,0.5,100.0,6260.0,68.0,-0.09,Follicular
41,2017-11-16,2017,Autumn,79.0,67.5,13.5,31.0,50.0,33.0,7346.0,73.0,-0.02,Follicular
42,2017-11-17,2017,Autumn,80.0,68.125,13.75,15.0,63.5,100.0,6238.0,55.0,-0.09,Ovulation
45,2017-11-20,2017,Autumn,72.0,68.5,14.0,21.0,14.0,55.0,7549.0,72.0,0.05,Ovulation
46,2017-11-21,2017,Autumn,87.0,67.375,14.625,18.0,29.0,100.0,5510.0,69.0,-0.09,Ovulation
47,2017-11-22,2017,Autumn,72.0,69.75,14.875,27.0,79.5,28.0,4558.0,67.0,-0.37,Ovulation
48,2017-11-23,2017,Autumn,69.0,73.75,15.0,19.0,24.0,8.0,3921.0,61.0,0.05,Ovulation
49,2017-11-24,2017,Autumn,71.0,72.625,14.375,23.0,29.5,35.0,5748.0,54.0,0.26,Lutheal
50,2017-11-25,2017,Autumn,84.0,69.0,14.0,29.0,26.5,89.0,9509.0,70.0,0.26,Lutheal
51,2017-11-26,2017,Autumn,73.0,70.125,13.625,28.0,0.0,100.0,10616.0,72.0,0.12,Lutheal
52,2017-11-27,2017,Autumn,78.0,67.125,13.75,31.0,38.5,55.0,7104.0,64.0,0.47,Lutheal
53,2017-11-28,2017,Autumn,50.0,77.0,15.25,27.0,14.0,100.0,3465.0,65.0,0.26,Lutheal
56,2017-12-01,2017,Winter,69.0,67.875,14.625,27.0,19.0,65.0,4073.0,47.0,0.47,Lutheal
57,2017-12-02,2017,Winter,74.0,72.25,14.5,24.0,33.0,91.0,5210.0,55.0,0.33,Lutheal
58,2017-12-03,2017,Winter,69.0,73.5,14.5,20.0,3.5,73.0,5506.0,55.0,0.4,Lutheal
59,2017-12-04,2017,Winter,77.0,73.25,14.25,22.0,31.5,86.0,5428.0,43.0,0.47,Lutheal
60,2017-12-05,2017,Winter,76.0,70.125,14.375,24.0,52.0,52.0,4511.0,46.0,0.33,Period
65,2017-12-10,2017,Winter,81.0,68.5,14.125,24.0,27.5,100.0,10444.0,74.0,-0.23,Period
67,2017-12-12,2017,Winter,85.0,66.5,14.125,24.0,29.0,100.0,4009.0,62.0,-0.09,Period
69,2017-12-14,2017,Winter,85.0,66.25,14.375,28.0,35.0,69.0,4810.0,59.0,-0.02,Period
70,2017-12-15,2017,Winter,81.0,68.0,14.25,23.0,21.5,43.0,4456.0,51.0,-0.02,Follicular
71,2017-12-16,2017,Winter,70.0,70.5,14.25,23.0,16.5,92.0,15493.0,80.0,-0.09,Follicular
72,2017-12-17,2017,Winter,76.0,71.25,14.625,25.0,27.5,69.0,3236.0,69.0,-0.16,Ovulation
73,2017-12-18,2017,Winter,81.0,67.5,14.125,25.0,18.0,53.0,5054.0,65.0,0.19,Ovulation
74,2017-12-19,2017,Winter,78.0,70.125,14.5,25.0,31.5,26.0,4734.0,64.0,0.19,Ovulation
75,2017-12-20,2017,Winter,84.0,69.875,14.0,24.0,10.0,67.0,6624.0,65.0,0.12,Ovulation
76,2017-12-21,2017,Winter,75.0,72.375,14.5,23.0,38.0,62.0,5916.0,66.0,-0.02,Ovulation
77,2017-12-22,2017,Winter,72.0,71.5,14.375,21.0,24.0,66.0,7913.0,54.0,-0.23,Ovulation
79,2017-12-24,2017,Winter,76.0,71.125,14.0,21.0,16.5,70.0,5698.0,65.0,0.05,Lutheal
80,2017-12-25,2017,Winter,73.0,73.125,14.125,24.0,36.5,39.0,1906.0,67.0,0.12,Lutheal
81,2017-12-26,2017,Winter,81.0,70.0,14.0,26.0,41.5,100.0,6056.0,66.0,0.26,Lutheal
82,2017-12-27,2017,Winter,84.0,68.75,13.875,27.0,11.0,68.0,4390.0,65.0,0.26,Lutheal
83,2017-12-28,2017,Winter,93.0,69.0,14.25,29.0,49.5,100.0,8209.0,89.0,0.12,Lutheal
85,2017-12-30,2017,Winter,79.0,69.25,14.125,25.0,25.5,63.0,21430.0,85.0,0.61,Lutheal
86,2017-12-31,2017,Winter,78.0,70.625,14.25,25.0,19.5,100.0,15720.0,91.0,0.26,Lutheal
88,2018-01-02,2018,Winter,60.0,74.875,15.0,21.0,52.0,73.0,6412.0,93.0,0.61,Lutheal
89,2018-01-03,2018,Winter,79.0,72.125,14.5,29.0,7.5,89.0,7672.0,80.0,0.4,Period
90,2018-01-04,2018,Winter,74.0,72.75,13.875,21.0,30.5,63.0,6627.0,76.0,0.47,Period
92,2018-01-06,2018,Winter,87.0,69.75,14.0,31.0,48.0,100.0,8730.0,71.0,0.12,Period
93,2018-01-07,2018,Winter,85.0,67.125,13.75,28.0,55.0,53.0,10969.0,73.0,-0.02,Period
94,2018-01-08,2018,Winter,87.0,66.625,14.0,27.0,20.5,83.0,1671.0,69.0,0.19,Period
96,2018-01-10,2018,Winter,91.0,67.625,14.0,27.0,29.5,56.0,10709.0,72.0,0.12,Period
97,2018-01-11,2018,Winter,86.0,65.75,14.0,27.0,51.0,72.0,13838.0,74.0,-0.02,Follicular
98,2018-01-12,2018,Winter,84.0,63.75,13.75,28.0,9.5,58.0,13392.0,81.0,0.05,Ovulation
100,2018-01-14,2018,Winter,87.0,66.625,14.125,28.0,23.0,100.0,8253.0,80.0,0.12,Ovulation
101,2018-01-15,2018,Winter,88.0,64.625,14.25,35.0,47.0,100.0,9498.0,79.0,-0.16,Ovulation
103,2018-01-17,2018,Winter,78.0,65.375,14.375,30.0,32.0,100.0,11988.0,90.0,-0.23,Ovulation
104,2018-01-18,2018,Winter,92.0,63.375,14.25,29.0,16.5,100.0,8774.0,80.0,-0.09,Ovulation
105,2018-01-19,2018,Winter,85.0,65.75,14.625,30.0,7.5,100.0,9117.0,81.0,0.12,Lutheal
106,2018-01-20,2018,Winter,77.0,68.125,14.0,23.0,36.0,62.0,7949.0,81.0,0.19,Lutheal
107,2018-01-21,2018,Winter,92.0,67.125,14.125,29.0,55.5,95.0,7931.0,80.0,-0.02,Lutheal
108,2018-01-22,2018,Winter,85.0,69.0,14.5,30.0,7.5,79.0,9047.0,81.0,0.12,Lutheal
109,2018-01-23,2018,Winter,88.0,68.375,14.25,29.0,19.5,83.0,7838.0,71.0,0.12,Lutheal
110,2018-01-24,2018,Winter,88.0,66.75,14.125,28.0,43.0,100.0,11886.0,73.0,-0.02,Lutheal
111,2018-01-25,2018,Winter,86.0,66.125,14.0,28.0,28.5,78.0,8861.0,70.0,0.33,Lutheal
112,2018-01-26,2018,Winter,85.0,68.625,14.5,28.0,24.0,100.0,11173.0,68.0,0.26,Lutheal
114,2018-01-28,2018,Winter,87.0,67.625,14.625,29.0,43.0,71.0,5428.0,69.0,0.19,Lutheal
115,2018-01-29,2018,Winter,82.0,69.75,14.625,27.0,72.5,57.0,4924.0,74.0,0.19,Lutheal
116,2018-01-30,2018,Winter,83.0,69.625,14.125,27.0,45.0,100.0,10570.0,71.0,0.4,Lutheal
117,2018-01-31,2018,Winter,87.0,68.625,14.0,27.0,38.5,100.0,10392.0,73.0,0.33,Lutheal
118,2018-02-01,2018,Winter,81.0,70.875,14.125,25.0,30.5,100.0,8010.0,74.0,0.19,Lutheal
119,2018-02-02,2018,Winter,81.0,69.0,14.0,25.0,61.5,48.0,12778.0,81.0,0.4,Lutheal
120,2018-02-03,2018,Winter,76.0,73.375,14.375,26.0,26.0,98.0,11509.0,84.0,0.19,Lutheal
121,2018-02-04,2018,Winter,77.0,70.375,14.25,24.0,38.5,90.0,8939.0,81.0,0.26,Lutheal
122,2018-02-05,2018,Winter,84.0,67.75,14.375,27.0,33.0,100.0,13497.0,86.0,0.26,Lutheal
123,2018-02-06,2018,Winter,86.0,67.0,14.25,26.0,29.0,97.0,7420.0,81.0,0.19,Lutheal
124,2018-02-07,2018,Winter,87.0,68.75,14.5,25.0,26.0,100.0,7497.0,87.0,-0.09,Period
125,2018-02-08,2018,Winter,89.0,65.25,14.125,33.0,62.0,47.0,14252.0,93.0,0.05,Period
126,2018-02-09,2018,Winter,90.0,64.0,13.875,29.0,57.5,100.0,12419.0,77.0,-0.09,Period
127,2018-02-10,2018,Winter,87.0,66.375,14.5,29.0,28.5,77.0,4374.0,80.0,-0.09,Period
128,2018-02-11,2018,Winter,85.0,65.25,14.125,32.0,45.0,100.0,14080.0,75.0,-0.02,Period
129,2018-02-12,2018,Winter,85.0,65.625,14.125,27.0,27.0,61.0,9121.0,79.0,-0.02,Period
130,2018-02-13,2018,Winter,87.0,64.0,14.0,32.0,37.5,100.0,13282.0,77.0,-0.02,Period
131,2018-02-14,2018,Winter,87.0,62.875,14.0,32.0,34.5,100.0,9580.0,72.0,-0.09,Ovulation
132,2018-02-15,2018,Winter,88.0,65.25,14.25,32.0,22.0,100.0,12236.0,78.0,-0.16,Ovulation
133,2018-02-16,2018,Winter,85.0,64.0,14.25,32.0,26.0,90.0,13591.0,72.0,-0.09,Ovulation
134,2018-02-17,2018,Winter,92.0,66.625,14.125,35.0,63.0,96.0,9187.0,60.0,-0.02,Ovulation
136,2018-02-19,2018,Winter,86.0,64.75,13.875,28.0,36.5,100.0,4387.0,79.0,-0.3,Ovulation
137,2018-02-20,2018,Winter,89.0,64.0,13.875,30.0,64.0,100.0,11969.0,79.0,-0.02,Ovulation
138,2018-02-21,2018,Winter,94.0,65.125,14.25,31.0,41.0,100.0,11893.0,78.0,-0.02,Lutheal
139,2018-02-22,2018,Winter,85.0,69.5,13.875,24.0,42.5,100.0,10256.0,77.0,-0.16,Lutheal
140,2018-02-23,2018,Winter,65.0,68.375,14.0,27.0,27.0,43.0,14484.0,77.0,0.05,Lutheal
141,2018-02-24,2018,Winter,79.0,68.75,14.0,28.0,30.5,100.0,4490.0,77.0,0.19,Lutheal
142,2018-02-25,2018,Winter,88.0,66.25,14.0,33.0,63.0,100.0,7837.0,80.0,-0.02,Lutheal
143,2018-02-26,2018,Winter,80.0,64.875,13.875,29.0,30.0,47.0,5503.0,75.0,0.26,Lutheal
144,2018-02-27,2018,Winter,78.0,64.875,14.0,34.0,28.0,100.0,2343.0,73.0,0.54,Lutheal
145,2018-02-28,2018,Winter,87.0,63.625,13.75,35.0,43.5,100.0,13558.0,76.0,0.26,Lutheal
146,2018-03-01,2018,Spring,77.0,67.625,13.875,26.0,67.5,88.0,9075.0,69.0,0.12,Lutheal
148,2018-03-03,2018,Spring,78.0,68.5,14.125,27.0,95.0,100.0,4288.0,64.0,0.4,Lutheal
150,2018-03-05,2018,Spring,80.0,67.375,14.125,29.0,30.0,57.0,13394.0,81.0,0.47,Lutheal
151,2018-03-06,2018,Spring,72.0,67.5,13.875,26.0,35.0,100.0,11089.0,85.0,0.47,Lutheal
153,2018-03-08,2018,Spring,80.0,65.375,14.25,29.0,35.5,32.0,6695.0,72.0,0.26,Lutheal
154,2018-03-09,2018,Spring,88.0,64.0,14.0,27.0,52.0,100.0,5483.0,70.0,-0.09,Period
155,2018-03-10,2018,Spring,89.0,65.25,13.625,27.0,38.5,100.0,13445.0,73.0,-0.02,Period
156,2018-03-11,2018,Spring,77.0,68.0,14.0,26.0,19.5,100.0,10171.0,61.0,-0.02,Period
157,2018-03-12,2018,Spring,93.0,65.25,14.375,31.0,50.5,100.0,11457.0,57.0,-0.09,Period
158,2018-03-13,2018,Spring,92.0,62.875,13.75,34.0,40.5,100.0,7004.0,56.0,-0.09,Period
159,2018-03-14,2018,Spring,94.0,63.875,13.375,31.0,64.0,100.0,2948.0,54.0,-0.09,Period
160,2018-03-15,2018,Spring,85.0,62.75,13.5,40.0,43.0,100.0,3224.0,56.0,-0.02,Follicular
163,2018-03-18,2018,Spring,84.0,67.25,14.0,32.0,3.0,76.0,6969.0,66.0,-0.02,Follicular
164,2018-03-19,2018,Spring,85.0,64.25,13.875,31.0,16.0,75.0,7239.0,58.0,-0.09,Follicular
165,2018-03-20,2018,Spring,78.0,61.625,13.75,40.0,35.5,37.0,6330.0,55.0,-0.16,Follicular
166,2018-03-21,2018,Spring,87.0,63.125,13.5,33.0,73.0,63.0,11153.0,71.0,-0.16,Follicular
167,2018-03-22,2018,Spring,82.0,64.625,13.75,30.0,46.5,100.0,4266.0,60.0,-0.23,Follicular
168,2018-03-23,2018,Spring,85.0,63.375,13.375,33.0,45.0,100.0,6925.0,64.0,-0.16,Follicular
169,2018-03-24,2018,Spring,92.0,65.625,13.625,30.0,58.0,100.0,8619.0,72.0,0.19,Follicular
170,2018-03-25,2018,Spring,77.0,71.0,14.25,31.0,41.5,100.0,7987.0,71.0,-0.23,Follicular
171,2018-03-26,2018,Spring,83.0,64.75,13.375,32.0,49.0,100.0,11267.0,70.0,-0.23,Ovulation
172,2018-03-27,2018,Spring,79.0,64.25,13.625,33.0,44.0,96.0,7967.0,73.0,0.12,Ovulation
173,2018-03-28,2018,Spring,72.0,61.875,13.5,37.0,71.5,63.0,6425.0,70.0,-0.23,Ovulation
174,2018-03-29,2018,Spring,74.0,67.625,13.25,30.0,54.5,100.0,7252.0,65.0,0.05,Ovulation
176,2018-03-31,2018,Spring,75.0,67.0,14.0,31.0,43.0,100.0,12314.0,87.0,-0.09,Ovulation
177,2018-04-01,2018,Spring,76.0,67.5,14.125,27.0,45.5,44.0,3432.0,83.0,-0.02,Ovulation
178,2018-04-02,2018,Spring,88.0,65.0,13.625,38.0,46.0,100.0,8583.0,84.0,0.19,Lutheal
179,2018-04-03,2018,Spring,81.0,65.375,14.125,31.0,40.5,39.0,10934.0,92.0,0.19,Lutheal
180,2018-04-04,2018,Spring,85.0,70.25,14.25,28.0,33.5,100.0,5022.0,86.0,0.26,Lutheal
181,2018-04-05,2018,Spring,84.0,68.875,13.75,26.0,53.0,100.0,9966.0,84.0,0.26,Lutheal
182,2018-04-06,2018,Spring,74.0,71.875,14.625,27.0,50.0,48.0,6826.0,79.0,0.26,Lutheal
183,2018-04-07,2018,Spring,73.0,71.75,14.25,26.0,64.0,100.0,2310.0,72.0,0.54,Lutheal
184,2018-04-08,2018,Spring,82.0,69.75,14.375,26.0,57.0,4.0,8014.0,78.0,0.26,Lutheal
185,2018-04-09,2018,Spring,79.0,69.625,14.25,26.0,62.0,48.0,4306.0,64.0,0.4,Lutheal
186,2018-04-10,2018,Spring,79.0,66.5,14.0,31.0,80.0,2.0,6750.0,61.0,0.26,Lutheal
187,2018-04-11,2018,Spring,82.0,68.5,13.875,29.0,48.0,100.0,9520.0,71.0,0.19,Lutheal
188,2018-04-12,2018,Spring,83.0,65.375,14.0,28.0,26.5,100.0,6224.0,68.0,-0.02,Lutheal
189,2018-04-13,2018,Spring,80.0,64.5,14.0,31.0,37.5,100.0,6292.0,66.0,-0.09,Period
190,2018-04-14,2018,Spring,89.0,62.5,14.125,34.0,58.5,100.0,264.0,61.0,0.12,Period
191,2018-04-15,2018,Spring,88.0,59.625,13.875,41.0,105.5,100.0,9389.0,63.0,-0.16,Period
192,2018-04-16,2018,Spring,87.0,59.75,13.875,38.0,74.5,100.0,6161.0,62.0,-0.16,Period
193,2018-04-17,2018,Spring,85.0,59.375,13.5,40.0,66.5,76.0,8005.0,57.0,-0.09,Period
194,2018-04-18,2018,Spring,88.0,60.875,14.125,36.0,43.0,93.0,10835.0,68.0,-0.09,Follicular
195,2018-04-19,2018,Spring,87.0,62.875,13.625,32.0,62.0,95.0,10832.0,73.0,-0.23,Follicular
196,2018-04-20,2018,Spring,82.0,65.125,14.25,41.0,57.5,48.0,7445.0,70.0,-0.09,Follicular
197,2018-04-21,2018,Spring,86.0,61.0,13.875,37.0,51.0,52.0,6648.0,70.0,0.12,Follicular
198,2018-04-22,2018,Spring,91.0,60.125,13.75,41.0,48.0,100.0,2640.0,67.0,-0.09,Follicular
199,2018-04-23,2018,Spring,88.0,57.0,13.375,47.0,76.5,100.0,9264.0,69.0,-0.23,Follicular
200,2018-04-24,2018,Spring,88.0,58.5,14.125,46.0,25.5,100.0,9503.0,72.0,-0.16,Follicular
201,2018-04-25,2018,Spring,90.0,60.875,13.75,33.0,46.0,100.0,10697.0,67.0,-0.16,Follicular
202,2018-04-26,2018,Spring,85.0,59.875,14.125,41.0,77.0,100.0,506.0,64.0,-0.16,Follicular
203,2018-04-27,2018,Spring,87.0,58.5,13.5,49.0,109.5,99.0,15629.0,84.0,-0.3,Follicular
204,2018-04-28,2018,Spring,85.0,60.75,14.0,40.0,51.5,100.0,701.0,74.0,0.12,Follicular
205,2018-04-29,2018,Spring,92.0,60.0,14.25,40.0,27.0,100.0,9839.0,79.0,-0.23,Follicular
206,2018-04-30,2018,Spring,91.0,59.5,14.0,41.0,49.0,100.0,10754.0,80.0,-0.3,Follicular
207,2018-05-01,2018,Spring,82.0,63.25,13.625,32.0,49.5,97.0,16458.0,86.0,-0.09,Follicular
208,2018-05-02,2018,Spring,90.0,59.75,13.875,33.0,44.0,100.0,7401.0,82.0,-0.23,Follicular
209,2018-05-03,2018,Spring,91.0,61.0,13.5,35.0,39.0,95.0,9305.0,77.0,-0.3,Follicular
210,2018-05-04,2018,Spring,91.0,57.875,13.625,40.0,94.5,100.0,8567.0,74.0,-0.16,Follicular
211,2018-05-05,2018,Spring,88.0,59.875,13.5,37.0,48.0,100.0,11701.0,79.0,-0.23,Follicular
212,2018-05-06,2018,Spring,82.0,66.75,13.75,25.0,46.5,100.0,6491.0,76.0,-0.3,Follicular
213,2018-05-07,2018,Spring,87.0,61.25,13.25,34.0,47.0,97.0,5948.0,60.0,-0.37,Follicular
214,2018-05-08,2018,Spring,72.0,65.375,13.75,32.0,24.0,34.0,8517.0,60.0,-0.09,Follicular
215,2018-05-09,2018,Spring,80.0,61.75,14.125,33.0,14.5,95.0,7104.0,59.0,-0.02,Follicular
216,2018-05-10,2018,Spring,94.0,61.125,13.5,40.0,62.5,100.0,12113.0,74.0,-0.3,Follicular
217,2018-05-11,2018,Spring,87.0,63.5,13.625,32.0,50.5,100.0,16454.0,80.0,-0.16,Follicular
218,2018-05-12,2018,Spring,55.0,71.5,13.625,24.0,40.0,37.0,24686.0,86.0,0.05,Follicular
219,2018-05-13,2018,Spring,67.0,66.25,14.5,29.0,9.5,36.0,8272.0,94.0,-0.23,Follicular
220,2018-05-14,2018,Spring,74.0,63.25,13.875,32.0,18.5,86.0,10845.0,89.0,-0.16,Follicular
221,2018-05-15,2018,Spring,76.0,59.625,13.625,42.0,61.0,89.0,13179.0,94.0,-0.37,Follicular
222,2018-05-16,2018,Spring,63.0,65.125,14.25,33.0,43.5,88.0,8246.0,96.0,-0.23,Follicular
223,2018-05-17,2018,Spring,63.0,62.75,13.75,33.0,46.0,43.0,16129.0,96.0,-0.3,Follicular
224,2018-05-18,2018,Spring,53.0,67.0,13.75,22.0,62.0,99.0,4067.0,88.0,-0.16,Ovulation
225,2018-05-19,2018,Spring,72.0,66.25,14.125,25.0,19.0,79.0,13424.0,99.0,0.19,Ovulation
227,2018-05-21,2018,Spring,68.0,61.25,14.125,33.0,54.0,27.0,12998.0,94.0,-0.16,Ovulation
228,2018-05-22,2018,Spring,80.0,63.125,13.875,36.0,44.5,100.0,11362.0,89.0,-0.23,Ovulation
229,2018-05-23,2018,Spring,74.0,64.5,14.0,28.0,27.5,27.0,6985.0,84.0,-0.23,Ovulation
230,2018-05-24,2018,Spring,82.0,63.75,13.75,34.0,41.0,100.0,13463.0,97.0,-0.16,Ovulation
231,2018-05-25,2018,Spring,86.0,63.5,13.5,33.0,61.5,100.0,7300.0,86.0,-0.09,Lutheal
232,2018-05-26,2018,Spring,84.0,67.25,13.875,29.0,62.0,2.0,12478.0,94.0,0.05,Lutheal
233,2018-05-27,2018,Spring,96.0,62.75,13.75,38.0,52.0,100.0,16767.0,93.0,-0.09,Lutheal
234,2018-05-28,2018,Spring,81.0,64.75,13.625,34.0,80.5,90.0,16553.0,97.0,-0.09,Lutheal
235,2018-05-29,2018,Spring,80.0,67.75,14.25,27.0,54.0,29.0,8422.0,86.0,0.12,Lutheal
236,2018-05-30,2018,Spring,82.0,64.875,14.0,36.0,67.5,39.0,15124.0,92.0,0.05,Lutheal
237,2018-05-31,2018,Spring,48.0,72.125,14.625,21.0,82.5,43.0,14538.0,98.0,0.05,Lutheal
238,2018-06-01,2018,Summer,74.0,67.0,13.875,27.0,78.5,100.0,9319.0,88.0,0.26,Lutheal
239,2018-06-02,2018,Summer,70.0,68.5,14.625,30.0,7.5,54.0,12774.0,98.0,0.4,Lutheal
240,2018-06-03,2018,Summer,72.0,71.875,14.125,20.0,14.0,9.0,11372.0,94.0,0.26,Lutheal
241,2018-06-04,2018,Summer,73.0,72.25,14.5,20.0,39.0,41.0,9909.0,89.0,0.4,Lutheal
242,2018-06-05,2018,Summer,69.0,72.0,14.5,23.0,41.0,53.0,9539.0,95.0,-0.02,Period
243,2018-06-06,2018,Summer,79.0,66.625,13.375,27.0,67.0,62.0,2213.0,79.0,0.05,Period
244,2018-06-07,2018,Summer,90.0,65.25,14.0,31.0,64.5,100.0,8049.0,82.0,-0.09,Period
245,2018-06-08,2018,Summer,91.0,63.625,14.0,30.0,38.0,96.0,12503.0,83.0,-0.09,Period
246,2018-06-09,2018,Summer,80.0,63.625,14.0,36.0,23.0,91.0,12204.0,89.0,-0.02,Period
247,2018-06-10,2018,Summer,92.0,61.625,14.125,38.0,35.5,100.0,11560.0,82.0,-0.02,Period
249,2018-06-12,2018,Summer,93.0,59.875,14.125,42.0,54.0,100.0,9251.0,85.0,-0.09,Period
250,2018-06-13,2018,Summer,85.0,60.875,14.0,41.0,77.0,39.0,8172.0,79.0,-0.23,Follicular
251,2018-06-14,2018,Summer,88.0,58.75,13.75,39.0,46.0,100.0,8450.0,77.0,-0.3,Follicular
252,2018-06-15,2018,Summer,86.0,61.5,13.875,37.0,59.5,100.0,15976.0,84.0,-0.37,Follicular
253,2018-06-16,2018,Summer,86.0,62.375,13.875,42.0,67.5,100.0,5312.0,74.0,-0.02,Follicular
254,2018-06-17,2018,Summer,86.0,62.625,14.625,34.0,44.0,100.0,655.0,70.0,-0.3,Follicular
255,2018-06-18,2018,Summer,87.0,65.125,14.75,36.0,57.0,100.0,8011.0,68.0,-0.16,Follicular
256,2018-06-19,2018,Summer,81.0,63.625,14.0,30.0,61.0,100.0,5342.0,64.0,-0.16,Follicular
257,2018-06-20,2018,Summer,91.0,60.25,13.875,36.0,43.5,100.0,12417.0,74.0,-0.3,Follicular
258,2018-06-21,2018,Summer,79.0,61.0,13.375,38.0,49.5,100.0,9072.0,61.0,-0.23,Ovulation
259,2018-06-22,2018,Summer,82.0,65.75,13.625,28.0,55.5,100.0,2962.0,56.0,-0.23,Ovulation
260,2018-06-23,2018,Summer,85.0,63.25,14.0,34.0,31.0,83.0,10369.0,71.0,-0.23,Ovulation
261,2018-06-24,2018,Summer,67.0,66.5,14.0,32.0,46.0,22.0,11936.0,83.0,-0.23,Ovulation
262,2018-06-25,2018,Summer,67.0,69.75,13.875,22.0,25.5,92.0,6140.0,79.0,-0.23,Ovulation
263,2018-06-26,2018,Summer,87.0,65.0,13.625,32.0,49.0,100.0,13030.0,75.0,-0.23,Ovulation
264,2018-06-27,2018,Summer,67.0,68.875,14.125,24.0,15.5,69.0,11412.0,80.0,-0.09,Ovulation
265,2018-06-28,2018,Summer,75.0,66.25,13.875,28.0,33.0,100.0,6144.0,79.0,0.05,Lutheal
266,2018-06-29,2018,Summer,67.0,66.375,14.125,28.0,39.0,94.0,10699.0,90.0,-0.02,Lutheal
267,2018-06-30,2018,Summer,69.0,67.125,14.0,29.0,52.0,90.0,11903.0,93.0,0.12,Lutheal
268,2018-07-01,2018,Summer,68.0,66.875,13.75,28.0,42.5,100.0,7910.0,87.0,0.26,Lutheal
269,2018-07-02,2018,Summer,84.0,63.5,13.75,34.0,66.0,100.0,8401.0,94.0,0.26,Lutheal
270,2018-07-03,2018,Summer,76.0,68.5,13.875,30.0,61.0,100.0,7538.0,78.0,0.19,Lutheal
271,2018-07-04,2018,Summer,67.0,68.375,13.75,28.0,78.5,95.0,7132.0,81.0,0.4,Lutheal
272,2018-07-05,2018,Summer,75.0,67.375,13.375,27.0,45.0,100.0,9929.0,72.0,0.33,Lutheal
273,2018-07-06,2018,Summer,70.0,72.25,14.75,20.0,17.0,53.0,11094.0,62.0,0.33,Lutheal
274,2018-07-07,2018,Summer,68.0,69.5,14.25,27.0,38.0,52.0,9419.0,71.0,0.26,Lutheal
275,2018-07-08,2018,Summer,55.0,71.875,14.375,20.0,15.0,16.0,8928.0,75.0,-0.09,Lutheal
276,2018-07-09,2018,Summer,80.0,63.75,14.375,36.0,5.5,31.0,7731.0,68.0,-0.16,Period
277,2018-07-10,2018,Summer,90.0,64.0,14.5,37.0,32.0,100.0,9381.0,70.0,-0.02,Period
278,2018-07-11,2018,Summer,87.0,67.25,14.625,31.0,1.5,100.0,7736.0,69.0,0.26,Period
279,2018-07-12,2018,Summer,82.0,66.75,13.875,25.0,32.0,100.0,11553.0,76.0,-0.37,Period
280,2018-07-13,2018,Summer,92.0,63.25,13.5,32.0,51.0,100.0,13325.0,77.0,-0.23,Period
281,2018-07-14,2018,Summer,90.0,64.25,14.0,37.0,44.0,69.0,19408.0,84.0,-0.09,Period
282,2018-07-15,2018,Summer,85.0,62.25,14.125,43.0,62.0,41.0,245.0,80.0,-0.02,Period
283,2018-07-16,2018,Summer,92.0,58.25,13.375,42.0,67.5,100.0,9460.0,73.0,-0.16,Ovulation
284,2018-07-17,2018,Summer,83.0,60.5,13.75,47.0,74.0,94.0,5894.0,74.0,-0.44,Ovulation
285,2018-07-18,2018,Summer,85.0,63.75,14.125,33.0,49.0,100.0,8933.0,72.0,-0.16,Ovulation
286,2018-07-19,2018,Summer,87.0,60.75,13.5,37.0,46.5,100.0,7529.0,68.0,-0.09,Ovulation
287,2018-07-20,2018,Summer,86.0,60.25,13.5,40.0,81.0,92.0,14680.0,66.0,-0.09,Ovulation
288,2018-07-21,2018,Summer,83.0,61.625,14.0,39.0,77.5,74.0,8780.0,84.0,-0.44,Ovulation
289,2018-07-22,2018,Summer,77.0,61.375,14.25,33.0,27.0,100.0,15604.0,86.0,-0.3,Ovulation
290,2018-07-23,2018,Summer,70.0,66.75,14.125,28.0,31.0,100.0,854.0,81.0,0.33,Lutheal
292,2018-07-25,2018,Summer,80.0,67.125,14.0,39.0,47.5,74.0,1506.0,73.0,0.47,Lutheal
293,2018-07-26,2018,Summer,75.0,63.375,14.125,43.0,37.5,100.0,1375.0,72.0,-0.16,Lutheal
294,2018-07-27,2018,Summer,63.0,70.375,14.375,26.0,39.0,98.0,1193.0,62.0,-0.09,Lutheal
295,2018-07-28,2018,Summer,80.0,67.875,14.125,27.0,53.0,100.0,2854.0,51.0,-0.16,Lutheal
297,2018-07-30,2018,Summer,81.0,65.625,14.125,28.0,24.5,91.0,3866.0,56.0,0.12,Lutheal
298,2018-07-31,2018,Summer,80.0,65.375,13.5,32.0,45.5,59.0,2847.0,55.0,-0.23,Lutheal
299,2018-08-01,2018,Summer,71.0,68.875,13.75,27.0,50.0,64.0,6999.0,53.0,0.05,Lutheal
300,2018-08-02,2018,Summer,78.0,67.625,14.25,32.0,5.0,54.0,3355.0,59.0,0.12,Lutheal
301,2018-08-03,2018,Summer,88.0,64.375,14.75,34.0,27.0,100.0,10540.0,82.0,0.19,Lutheal
302,2018-08-04,2018,Summer,84.0,65.75,14.125,25.0,32.0,100.0,4503.0,68.0,0.05,Lutheal
303,2018-08-05,2018,Summer,82.0,68.625,14.25,25.0,43.5,53.0,6557.0,64.0,-0.09,Lutheal
304,2018-08-06,2018,Summer,75.0,68.25,14.125,28.0,2.5,49.0,685.0,66.0,0.26,Lutheal
305,2018-08-07,2018,Summer,91.0,63.5,14.375,32.0,43.5,75.0,5990.0,63.0,0.26,Period
306,2018-08-08,2018,Summer,80.0,66.125,14.25,29.0,11.0,97.0,2619.0,62.0,0.12,Period
307,2018-08-09,2018,Summer,81.0,65.75,14.375,28.0,31.5,76.0,10724.0,56.0,0.33,Period
308,2018-08-10,2018,Summer,86.0,60.375,13.625,37.0,21.5,100.0,7956.0,62.0,-0.09,Period
309,2018-08-11,2018,Summer,82.0,64.5,14.25,28.0,41.0,50.0,8894.0,56.0,0.19,Period
310,2018-08-12,2018,Summer,83.0,65.125,14.125,26.0,53.5,100.0,13217.0,79.0,-0.23,Period
311,2018-08-13,2018,Summer,82.0,62.625,13.875,30.0,47.0,53.0,8251.0,74.0,-0.37,Period
312,2018-08-14,2018,Summer,81.0,60.625,14.125,41.0,52.0,87.0,7864.0,74.0,-0.16,Period
313,2018-08-15,2018,Summer,87.0,60.375,14.0,40.0,43.5,79.0,9373.0,71.0,-0.16,Period
314,2018-08-16,2018,Summer,94.0,61.25,13.875,38.0,84.5,100.0,6873.0,78.0,-0.09,Period
315,2018-08-17,2018,Summer,87.0,65.0,14.0,29.0,38.5,48.0,8336.0,77.0,-0.16,Period
316,2018-08-18,2018,Summer,92.0,61.5,14.0,36.0,15.0,100.0,6826.0,71.0,-0.16,Follicular
317,2018-08-19,2018,Summer,92.0,63.625,14.125,32.0,24.0,100.0,9523.0,73.0,-0.23,Follicular
318,2018-08-20,2018,Summer,90.0,62.625,14.0,36.0,22.0,100.0,5852.0,68.0,-0.16,Follicular
319,2018-08-21,2018,Summer,87.0,62.0,13.625,39.0,88.5,92.0,4746.0,67.0,-0.23,Follicular
320,2018-08-22,2018,Summer,88.0,62.75,13.875,33.0,65.0,52.0,7444.0,69.0,-0.3,Follicular
321,2018-08-23,2018,Summer,89.0,61.125,14.25,36.0,50.5,100.0,102.0,93.0,-0.37,Follicular
322,2018-08-24,2018,Summer,90.0,59.5,13.875,40.0,69.0,100.0,8283.0,93.0,-0.02,Follicular
323,2018-08-25,2018,Summer,90.0,60.16,13.875,38.0,26.5,84.0,9362.0,89.0,-0.08,Follicular
324,2018-08-26,2018,Summer,89.0,60.92,14.0,33.0,66.0,52.0,4689.0,81.0,-0.31,Follicular
325,2018-08-27,2018,Summer,90.0,60.13,14.0,33.0,42.5,100.0,7691.0,84.0,-0.15,Follicular
326,2018-08-28,2018,Summer,94.0,59.35,13.875,35.0,37.0,100.0,4222.0,73.0,-0.26,Follicular
327,2018-08-29,2018,Summer,92.0,59.55,13.875,38.0,39.5,95.0,12627.0,70.0,-0.16,Follicular
328,2018-08-30,2018,Summer,90.0,60.68,13.25,37.0,79.0,100.0,11216.0,71.0,-0.08,Follicular
329,2018-08-31,2018,Summer,89.0,60.93,13.75,37.0,87.0,100.0,12341.0,71.0,0.11,Follicular
330,2018-09-01,2018,Autumn,74.0,65.58,14.125,27.0,43.0,34.0,9338.0,71.0,0.11,Follicular
331,2018-09-02,2018,Autumn,85.0,61.89,13.75,37.0,62.5,68.0,10542.0,73.0,-0.17,Follicular
332,2018-09-03,2018,Autumn,83.0,60.76,14.0,33.0,20.5,63.0,8181.0,73.0,-0.37,Follicular
333,2018-09-04,2018,Autumn,82.0,62.59,13.0,33.0,79.0,100.0,8233.0,70.0,-0.08,Follicular
334,2018-09-05,2018,Autumn,84.0,61.97,13.5,35.0,36.0,100.0,6178.0,65.0,-0.15,Ovulation
335,2018-09-06,2018,Autumn,86.0,61.45,13.5,34.0,41.5,100.0,13668.0,70.0,-0.14,Ovulation
336,2018-09-07,2018,Autumn,80.0,63.49,13.125,27.0,50.5,100.0,16246.0,79.0,-0.07,Ovulation
337,2018-09-08,2018,Autumn,84.0,61.48,14.0,36.0,78.0,100.0,7503.0,80.0,-0.07,Ovulation
338,2018-09-09,2018,Autumn,89.0,61.16,13.625,32.0,54.0,100.0,7768.0,77.0,0.0,Ovulation
339,2018-09-10,2018,Autumn,89.0,59.27,14.0,39.0,21.5,100.0,3888.0,78.0,-0.06,Ovulation
340,2018-09-11,2018,Autumn,88.0,59.43,13.75,39.0,85.5,100.0,5155.0,73.0,0.01,Ovulation
341,2018-09-12,2018,Autumn,71.0,66.91,14.5,24.0,39.5,10.0,4441.0,73.0,0.34,Lutheal
342,2018-09-13,2018,Autumn,82.0,63.16,13.375,30.0,94.5,56.0,14700.0,79.0,0.13,Lutheal
343,2018-09-14,2018,Autumn,70.0,68.46,13.75,20.0,58.5,90.0,2709.0,71.0,0.19,Lutheal
344,2018-09-15,2018,Autumn,73.0,66.49,13.25,27.0,59.0,100.0,910.0,69.0,0.26,Lutheal
345,2018-09-16,2018,Autumn,52.0,73.68,13.375,29.0,61.5,22.0,914.0,63.0,1.37,Lutheal
346,2018-09-17,2018,Autumn,57.0,74.95,13.25,22.0,66.0,25.0,4033.0,64.0,0.51,Lutheal
347,2018-09-18,2018,Autumn,62.0,73.25,14.5,22.0,19.0,57.0,1592.0,61.0,0.57,Lutheal
348,2018-09-19,2018,Autumn,65.0,72.34,14.125,22.0,8.5,60.0,1511.0,61.0,0.35,Lutheal
349,2018-09-20,2018,Autumn,62.0,77.24,14.0,17.0,55.5,31.0,3285.0,42.0,0.53,Lutheal
350,2018-09-21,2018,Autumn,57.0,71.25,14.5,23.0,37.5,18.0,3135.0,49.0,0.19,Lutheal
351,2018-09-22,2018,Autumn,67.0,67.625,13.875,25.0,59.0,75.0,5877.0,44.0,0.19,Lutheal
352,2018-09-23,2018,Autumn,78.0,67.75,13.875,23.0,50.0,72.0,5862.0,56.0,0.19,Period
353,2018-09-24,2018,Autumn,76.0,66.875,13.875,22.0,35.0,100.0,7608.0,72.0,-0.16,Period
354,2018-09-25,2018,Autumn,73.0,66.5,13.5,26.0,34.5,58.0,3196.0,75.0,-0.09,Period
355,2018-09-26,2018,Autumn,77.0,67.125,13.375,25.0,24.5,100.0,7727.0,72.0,-0.02,Period
356,2018-09-27,2018,Autumn,73.0,65.57,13.375,25.0,30.0,54.0,2281.0,72.0,0.01,Period
357,2018-09-28,2018,Autumn,81.0,63.32,14.125,29.0,32.5,100.0,5817.0,65.0,0.15,Period
358,2018-09-29,2018,Autumn,87.0,60.875,13.75,37.0,20.5,100.0,13256.0,72.0,-0.16,Period
359,2018-09-30,2018,Autumn,84.0,64.375,13.75,32.0,52.0,65.0,3056.0,72.0,0.05,Period
360,2018-10-01,2018,Autumn,90.0,58.0,14.125,39.0,44.0,100.0,7905.0,55.0,-0.37,Period
361,2018-10-02,2018,Autumn,87.0,61.66,13.75,28.0,37.0,100.0,7261.0,56.0,-0.06,Follicular
362,2018-10-03,2018,Autumn,88.0,58.13,13.875,41.0,87.5,100.0,10272.0,61.0,-0.06,Follicular
363,2018-10-04,2018,Autumn,88.0,57.14,13.625,39.0,81.0,100.0,7740.0,64.0,-0.26,Follicular
364,2018-10-05,2018,Autumn,89.0,60.4,14.125,34.0,69.5,100.0,7697.0,61.0,-0.11,Follicular
365,2018-10-06,2018,Autumn,90.0,60.91,13.875,33.0,31.0,100.0,3682.0,59.0,-0.04,Follicular
366,2018-10-07,2018,Autumn,92.0,61.67,13.5,33.0,45.5,100.0,9613.0,59.0,0.03,Follicular
367,2018-10-08,2018,Autumn,93.0,61.07,14.125,31.0,52.0,100.0,10747.0,60.0,-0.11,Follicular
368,2018-10-09,2018,Autumn,82.0,63.5,13.75,30.0,59.0,96.0,6930.0,60.0,0.05,Ovulation
369,2018-10-10,2018,Autumn,89.0,62.45,14.0,28.0,59.5,100.0,6917.0,62.0,-0.11,Ovulation
370,2018-10-11,2018,Autumn,77.0,63.89,14.0,33.0,5.5,71.0,6228.0,59.0,-0.11,Ovulation
371,2018-10-12,2018,Autumn,77.0,70.5,13.875,22.0,69.5,93.0,10758.0,62.0,0.12,Ovulation
372,2018-10-13,2018,Autumn,78.0,66.54,13.75,29.0,57.5,55.0,10042.0,67.0,-0.11,Ovulation
373,2018-10-14,2018,Autumn,92.0,62.02,14.5,34.0,22.0,100.0,5106.0,64.0,-0.11,Ovulation
374,2018-10-15,2018,Autumn,86.0,62.96,14.0,31.0,40.0,26.0,8435.0,57.0,0.03,Ovulation
375,2018-10-16,2018,Autumn,79.0,63.79,13.75,29.0,36.5,37.0,6624.0,59.0,0.03,Lutheal
376,2018-10-17,2018,Autumn,76.0,67.07,13.75,26.0,60.5,74.0,6679.0,58.0,0.23,Lutheal
377,2018-10-18,2018,Autumn,86.0,63.83,13.875,29.0,55.5,53.0,9786.0,66.0,0.23,Lutheal
378,2018-10-19,2018,Autumn,77.0,67.61,14.0,25.0,27.0,44.0,8602.0,71.0,0.35,Lutheal
379,2018-10-20,2018,Autumn,85.0,66.53,13.5,28.0,38.0,84.0,5244.0,69.0,0.33,Lutheal
380,2018-10-21,2018,Autumn,78.0,70.72,14.375,22.0,42.5,100.0,21481.0,80.0,0.39,Lutheal
381,2018-10-22,2018,Autumn,77.0,70.17,14.375,22.0,51.0,21.0,6480.0,80.0,0.45,Lutheal
382,2018-10-23,2018,Autumn,70.0,72.96,14.125,20.0,31.0,58.0,7230.0,77.0,0.43,Lutheal
383,2018-10-24,2018,Autumn,77.0,68.57,13.375,24.0,78.0,93.0,4780.0,80.0,0.15,Lutheal
385,2018-10-26,2018,Autumn,81.0,64.9,13.375,26.0,25.0,100.0,8521.0,68.0,0.28,Lutheal
386,2018-10-27,2018,Autumn,88.0,62.74,14.125,36.0,66.0,100.0,5548.0,66.0,0.13,Lutheal
387,2018-10-28,2018,Autumn,84.0,61.51,14.0,33.0,49.0,100.0,6538.0,56.0,-0.14,Lutheal
388,2018-10-29,2018,Autumn,89.0,61.86,14.0,33.0,79.0,100.0,12152.0,65.0,-0.14,Period
389,2018-10-30,2018,Autumn,78.0,62.125,14.5,34.0,0.0,93.0,5497.0,63.0,-0.16,Period
390,2018-10-31,2018,Autumn,86.0,61.875,14.375,39.0,48.5,100.0,6883.0,64.0,-0.16,Follicular
391,2018-11-01,2018,Autumn,83.0,65.125,14.5,36.0,63.5,89.0,10595.0,65.0,-0.3,Follicular
392,2018-11-02,2018,Autumn,82.0,66.625,14.125,26.0,53.5,100.0,7222.0,63.0,-0.23,Follicular
393,2018-11-03,2018,Autumn,86.0,64.375,14.0,33.0,15.5,74.0,11114.0,71.0,-0.02,Follicular
394,2018-11-04,2018,Autumn,89.0,64.625,14.25,29.0,47.0,88.0,11401.0,73.0,-0.3,Follicular
395,2018-11-05,2018,Autumn,86.0,62.75,13.875,33.0,24.5,100.0,2238.0,71.0,-0.37,Follicular
396,2018-11-06,2018,Autumn,86.0,62.125,14.25,31.0,79.5,100.0,6334.0,70.0,-0.37,Follicular
397,2018-11-07,2018,Autumn,93.0,63.125,14.25,29.0,27.0,100.0,3982.0,68.0,-0.37,Follicular
398,2018-11-08,2018,Autumn,76.0,62.375,13.625,33.0,29.5,24.0,5535.0,66.0,-0.23,Follicular
399,2018-11-09,2018,Autumn,88.0,60.75,13.75,34.0,68.5,100.0,6782.0,64.0,-0.37,Follicular
400,2018-11-10,2018,Autumn,84.0,65.125,14.125,26.0,50.0,100.0,7985.0,62.0,-0.3,Follicular
401,2018-11-11,2018,Autumn,78.0,66.125,13.75,28.0,41.0,100.0,6239.0,60.0,-0.16,Ovulation
402,2018-11-12,2018,Autumn,91.0,62.625,14.0,33.0,45.0,100.0,7221.0,59.0,-0.23,Ovulation
403,2018-11-13,2018,Autumn,83.0,64.0,13.75,33.0,40.0,73.0,6145.0,55.0,-0.02,Ovulation
404,2018-11-14,2018,Autumn,93.0,64.75,14.25,28.0,57.5,100.0,5905.0,56.0,0.05,Ovulation
405,2018-11-15,2018,Autumn,95.0,63.5,13.5,36.0,52.5,100.0,9845.0,62.0,-0.23,Ovulation
406,2018-11-16,2018,Autumn,93.0,62.75,14.125,33.0,53.0,100.0,10946.0,71.0,-0.02,Ovulation
407,2018-11-17,2018,Autumn,76.0,67.875,14.0,23.0,32.5,100.0,11176.0,80.0,0.33,Lutheal
408,2018-11-18,2018,Autumn,87.0,65.375,14.125,24.0,58.5,74.0,8371.0,81.0,0.19,Lutheal
409,2018-11-19,2018,Autumn,89.0,64.875,14.375,33.0,42.0,100.0,10080.0,79.0,0.05,Lutheal
410,2018-11-20,2018,Autumn,76.0,68.625,14.0,25.0,62.5,100.0,7497.0,76.0,0.25,Lutheal
411,2018-11-21,2018,Autumn,72.0,73.375,14.25,18.0,56.5,96.0,7687.0,78.0,0.23,Lutheal
412,2018-11-22,2018,Autumn,77.0,70.875,13.75,21.0,43.5,100.0,8309.0,77.0,0.22,Lutheal
413,2018-11-23,2018,Autumn,71.0,72.75,13.625,22.0,55.5,100.0,8171.0,72.0,0.28,Lutheal
414,2018-11-24,2018,Autumn,64.0,71.75,14.25,26.0,56.0,50.0,5502.0,64.0,0.25,Lutheal
415,2018-11-25,2018,Autumn,59.0,77.0,14.625,19.0,48.5,44.0,8702.0,66.0,0.3,Lutheal
416,2018-11-26,2018,Autumn,78.0,70.125,14.0,27.0,69.0,62.0,7423.0,67.0,0.28,Lutheal
417,2018-11-27,2018,Autumn,70.0,69.125,14.125,25.0,24.5,100.0,1097.0,69.0,0.13,Lutheal
419,2018-11-29,2018,Autumn,75.0,67.375,14.5,32.0,45.5,28.0,8843.0,73.0,-0.21,Period
420,2018-11-30,2018,Autumn,89.0,63.125,13.875,38.0,64.5,100.0,2091.0,72.0,-0.2,Period
421,2018-12-01,2018,Winter,87.0,66.5,14.625,31.0,67.0,100.0,4695.0,72.0,-0.19,Period
422,2018-12-02,2018,Winter,80.0,65.125,14.375,32.0,39.0,68.0,2956.0,67.0,-0.25,Period
423,2018-12-03,2018,Winter,79.0,63.375,14.125,24.0,26.0,44.0,11034.0,61.0,-0.23,Period
424,2018-12-04,2018,Winter,72.0,70.625,14.125,20.0,45.5,61.0,6723.0,67.0,-0.09,Period
425,2018-12-05,2018,Winter,78.0,64.0,13.875,34.0,41.5,25.0,9706.0,70.0,-0.02,Follicular
426,2018-12-06,2018,Winter,88.0,62.625,13.75,34.0,49.0,100.0,7912.0,71.0,-0.15,Follicular
427,2018-12-07,2018,Winter,73.0,66.375,14.5,25.0,50.5,96.0,248.0,69.0,-0.08,Follicular
428,2018-12-08,2018,Winter,87.0,61.375,14.125,34.0,64.5,100.0,7447.0,73.0,-0.2,Follicular
429,2018-12-09,2018,Winter,90.0,62.625,14.375,29.0,46.0,78.0,7408.0,74.0,-0.26,Follicular
430,2018-12-10,2018,Winter,89.0,61.0,13.375,34.0,45.0,96.0,10452.0,71.0,-0.18,Follicular
431,2018-12-11,2018,Winter,91.0,62.375,13.75,32.0,45.5,99.0,8506.0,73.0,-0.38,Follicular
432,2018-12-12,2018,Winter,89.0,62.625,13.25,31.0,66.0,100.0,5742.0,69.0,-0.16,Follicular
433,2018-12-13,2018,Winter,90.0,61.875,13.25,32.0,55.5,99.0,9706.0,71.0,-0.22,Follicular
434,2018-12-14,2018,Winter,89.0,62.125,13.5,30.0,54.5,97.0,6624.0,70.0,-0.22,Follicular
435,2018-12-15,2018,Winter,80.0,62.25,14.0,33.0,71.5,89.0,9447.0,64.0,-0.21,Follicular
436,2018-12-16,2018,Winter,74.0,64.875,13.75,27.0,31.0,48.0,14179.0,81.0,-0.2,Follicular
437,2018-12-17,2018,Winter,78.0,64.25,13.5,30.0,44.5,60.0,9984.0,74.0,-0.2,Follicular
438,2018-12-18,2018,Winter,81.0,62.875,14.125,32.0,45.0,40.0,9773.0,76.0,-0.06,Follicular
439,2018-12-19,2018,Winter,78.0,64.875,14.0,27.0,42.0,43.0,8093.0,79.0,-0.26,Follicular
440,2018-12-20,2018,Winter,79.0,64.75,13.625,27.0,34.0,98.0,8705.0,77.0,-0.11,Follicular
441,2018-12-21,2018,Winter,82.0,64.5,13.875,29.0,38.0,100.0,2484.0,80.0,-0.31,Follicular
442,2018-12-22,2018,Winter,84.0,65.625,13.125,27.0,72.5,100.0,6789.0,74.0,-0.1,Follicular
443,2018-12-23,2018,Winter,91.0,63.0,13.5,33.0,54.5,100.0,9687.0,63.0,-0.17,Follicular
444,2018-12-24,2018,Winter,86.0,62.75,13.75,32.0,86.0,34.0,3843.0,61.0,-0.16,Ovulation
445,2018-12-25,2018,Winter,62.0,71.75,14.125,19.0,24.5,38.0,2860.0,57.0,-0.09,Ovulation
446,2018-12-26,2018,Winter,81.0,68.125,14.125,24.0,29.0,74.0,10129.0,62.0,-0.02,Ovulation
447,2018-12-27,2018,Winter,68.0,68.5,13.75,21.0,43.5,36.0,12506.0,72.0,-0.02,Ovulation
448,2018-12-28,2018,Winter,81.0,68.0,13.75,20.0,44.5,38.0,8075.0,72.0,-0.08,Ovulation
449,2018-12-29,2018,Winter,79.0,68.5,13.625,25.0,40.5,100.0,10419.0,71.0,-0.14,Ovulation
450,2018-12-30,2018,Winter,79.0,70.75,13.875,22.0,30.0,31.0,10594.0,71.0,0.2,Ovulation
451,2018-12-31,2018,Winter,89.0,64.75,13.375,34.0,81.5,100.0,9390.0,73.0,0.06,Lutheal
452,2019-01-01,2019,Winter,50.0,77.5,13.75,18.0,5.5,65.0,8007.0,83.0,-0.01,Lutheal
453,2019-01-02,2019,Winter,84.0,66.375,13.0,37.0,58.0,100.0,11555.0,84.0,0.06,Lutheal
454,2019-01-03,2019,Winter,85.0,65.125,13.625,34.0,26.0,100.0,4548.0,85.0,0.19,Lutheal
455,2019-01-04,2019,Winter,87.0,66.25,13.625,24.0,46.5,83.0,7550.0,83.0,0.05,Lutheal
456,2019-01-05,2019,Winter,95.0,64.125,13.625,28.0,93.0,100.0,7644.0,85.0,0.11,Lutheal
457,2019-01-06,2019,Winter,92.0,62.75,14.25,29.0,33.5,100.0,6482.0,84.0,-0.02,Lutheal
458,2019-01-07,2019,Winter,91.0,59.5,14.0,39.0,52.5,98.0,8586.0,81.0,-0.09,Lutheal
459,2019-01-08,2019,Winter,83.0,60.25,13.875,37.0,43.5,39.0,8877.0,74.0,-0.16,Lutheal
460,2019-01-09,2019,Winter,92.0,61.375,13.25,34.0,52.5,100.0,103.0,66.0,-0.15,Period
461,2019-01-10,2019,Winter,93.0,61.625,14.25,35.0,47.5,100.0,4213.0,59.0,-0.08,Period
462,2019-01-11,2019,Winter,82.0,60.625,13.5,40.0,27.5,74.0,12508.0,71.0,0.06,Period
463,2019-01-12,2019,Winter,91.0,61.25,13.875,37.0,52.0,100.0,9531.0,71.0,-0.21,Period
464,2019-01-13,2019,Winter,81.0,62.375,14.0,38.0,49.5,55.0,8142.0,77.0,0.0,Period
465,2019-01-14,2019,Winter,79.0,60.5,14.0,35.0,49.0,38.0,6768.0,75.0,-0.07,Follicular
466,2019-01-15,2019,Winter,89.0,59.25,13.125,39.0,87.5,100.0,11361.0,77.0,-0.2,Follicular
467,2019-01-16,2019,Winter,87.0,60.625,13.375,37.0,42.0,98.0,8542.0,77.0,-0.2,Follicular
468,2019-01-17,2019,Winter,80.0,58.75,13.75,38.0,15.5,90.0,1683.0,75.0,-0.06,Follicular
470,2019-01-19,2019,Winter,91.0,62.5,13.75,32.0,73.0,66.0,3481.0,62.0,-0.12,Follicular
471,2019-01-20,2019,Winter,83.0,61.5,13.75,37.0,34.5,68.0,10378.0,67.0,-0.05,Follicular
472,2019-01-21,2019,Winter,77.0,58.5,13.625,40.0,31.5,18.0,6683.0,66.0,-0.11,Follicular
473,2019-01-22,2019,Winter,92.0,59.375,14.125,41.0,34.0,100.0,9623.0,66.0,-0.11,Ovulation
474,2019-01-23,2019,Winter,88.0,61.5,13.5,35.0,49.0,100.0,15775.0,78.0,-0.11,Ovulation
475,2019-01-24,2019,Winter,87.0,63.5,13.875,30.0,43.5,100.0,13207.0,80.0,-0.24,Ovulation
476,2019-01-25,2019,Winter,82.0,64.625,14.0,34.0,29.5,100.0,3419.0,80.0,-0.09,Ovulation
477,2019-01-26,2019,Winter,84.0,61.75,13.625,35.0,52.0,100.0,5164.0,70.0,-0.15,Ovulation
478,2019-01-27,2019,Winter,86.0,63.625,13.75,31.0,54.5,87.0,7709.0,81.0,-0.08,Ovulation
479,2019-01-28,2019,Winter,84.0,60.75,13.625,35.0,21.5,57.0,9354.0,76.0,0.06,Ovulation
480,2019-01-29,2019,Winter,76.0,65.0,13.75,31.0,25.0,46.0,10853.0,80.0,-0.01,Lutheal
481,2019-01-30,2019,Winter,82.0,67.75,14.0,26.0,66.5,30.0,8843.0,74.0,0.4,Lutheal
482,2019-01-31,2019,Winter,70.0,67.375,14.125,27.0,46.0,62.0,10800.0,71.0,0.52,Lutheal
483,2019-02-01,2019,Winter,80.0,67.125,13.625,24.0,83.0,100.0,13816.0,76.0,0.22,Lutheal
484,2019-02-02,2019,Winter,66.0,70.375,14.125,23.0,70.0,41.0,2918.0,79.0,0.46,Lutheal
486,2019-02-04,2019,Winter,72.0,70.5,13.25,18.0,91.0,56.0,6343.0,75.0,0.36,Lutheal
487,2019-02-05,2019,Winter,77.0,68.5,13.625,28.0,13.5,96.0,6407.0,70.0,0.54,Lutheal
488,2019-02-06,2019,Winter,79.0,72.75,14.375,29.0,70.0,43.0,1802.0,58.0,0.43,Lutheal
489,2019-02-07,2019,Winter,86.0,70.5,14.0,37.0,88.0,100.0,1534.0,59.0,0.27,Lutheal
490,2019-02-08,2019,Winter,82.0,66.25,13.875,35.0,25.5,63.0,444.0,54.0,0.4,Lutheal
491,2019-02-09,2019,Winter,88.0,65.75,14.125,24.0,39.0,75.0,5485.0,51.0,0.11,Lutheal
493,2019-02-11,2019,Winter,81.0,64.25,13.75,33.0,28.0,28.0,7602.0,50.0,0.11,Period
494,2019-02-12,2019,Winter,92.0,60.375,14.125,33.0,43.5,100.0,8491.0,53.0,0.1,Period
495,2019-02-13,2019,Winter,87.0,63.5,13.75,23.0,11.5,60.0,5988.0,57.0,-0.1,Period
496,2019-02-14,2019,Winter,87.0,61.875,14.0,32.0,24.5,57.0,5178.0,56.0,-0.24,Period
497,2019-02-15,2019,Winter,83.0,64.875,14.375,25.0,57.0,82.0,12519.0,67.0,-0.09,Period
498,2019-02-16,2019,Winter,88.0,64.0,13.875,31.0,46.0,87.0,13207.0,77.0,-0.21,Follicular
499,2019-02-17,2019,Winter,68.0,67.0,13.75,26.0,51.0,90.0,8337.0,73.0,0.06,Follicular
500,2019-02-18,2019,Winter,82.0,61.625,14.25,34.0,49.5,80.0,10319.0,83.0,-0.07,Follicular
501,2019-02-19,2019,Winter,77.0,65.75,14.125,28.0,35.0,42.0,3479.0,85.0,0.06,Follicular
502,2019-02-20,2019,Winter,90.0,62.25,14.125,31.0,58.5,100.0,7981.0,80.0,-0.21,Follicular
503,2019-02-21,2019,Winter,72.0,66.625,13.5,23.0,28.5,100.0,8588.0,75.0,-0.14,Ovulation
504,2019-02-22,2019,Winter,76.0,66.25,13.875,24.0,45.5,100.0,6397.0,71.0,-0.13,Ovulation
505,2019-02-23,2019,Winter,73.0,67.5,13.5,24.0,26.0,87.0,11732.0,80.0,-0.06,Ovulation
506,2019-02-24,2019,Winter,86.0,64.375,14.375,37.0,16.0,100.0,8973.0,85.0,-0.12,Ovulation
507,2019-02-25,2019,Winter,91.0,65.375,14.375,32.0,47.0,100.0,5053.0,74.0,-0.39,Ovulation
508,2019-02-26,2019,Winter,91.0,63.25,14.0,27.0,57.0,100.0,4300.0,74.0,-0.37,Ovulation
509,2019-02-27,2019,Winter,88.0,65.375,13.875,25.0,52.5,40.0,7228.0,70.0,-0.02,Ovulation
510,2019-02-28,2019,Winter,90.0,64.5,13.5,35.0,44.5,68.0,5272.0,69.0,-0.09,Lutheal
511,2019-03-01,2019,Spring,81.0,67.125,14.0,26.0,18.0,30.0,9449.0,72.0,-0.02,Lutheal
512,2019-03-02,2019,Spring,83.0,68.5,13.75,27.0,54.0,85.0,17085.0,76.0,0.24,Lutheal
513,2019-03-03,2019,Spring,66.0,73.875,14.25,22.0,48.5,71.0,8479.0,80.0,-0.03,Lutheal
514,2019-03-04,2019,Spring,76.0,70.375,13.75,26.0,25.0,51.0,8631.0,82.0,0.37,Lutheal
515,2019-03-05,2019,Spring,69.0,71.75,13.75,23.0,87.0,34.0,9819.0,85.0,0.64,Lutheal
516,2019-03-06,2019,Spring,71.0,72.75,13.25,22.0,74.5,40.0,10835.0,89.0,0.35,Lutheal
517,2019-03-07,2019,Spring,72.0,73.125,14.125,21.0,47.5,43.0,8979.0,81.0,0.48,Lutheal
518,2019-03-08,2019,Spring,76.0,70.125,13.75,23.0,21.0,62.0,6904.0,88.0,0.33,Lutheal
519,2019-03-09,2019,Spring,62.0,75.5,14.0,18.0,83.0,100.0,10065.0,88.0,0.25,Lutheal
520,2019-03-10,2019,Spring,71.0,72.375,13.625,22.0,30.0,100.0,8609.0,84.0,0.36,Lutheal
521,2019-03-11,2019,Spring,74.0,67.375,13.625,29.0,34.5,54.0,5906.0,82.0,0.01,Lutheal
522,2019-03-12,2019,Spring,78.0,70.25,14.375,25.0,71.0,100.0,11520.0,83.0,0.15,Period
523,2019-03-13,2019,Spring,70.0,70.25,13.875,23.0,40.0,71.0,8884.0,82.0,-0.19,Period
525,2019-03-15,2019,Spring,84.0,64.625,14.125,30.0,34.5,80.0,13484.0,87.0,-0.26,Period
526,2019-03-16,2019,Spring,83.0,66.875,14.375,23.0,51.5,41.0,13728.0,90.0,-0.18,Period
527,2019-03-17,2019,Spring,87.0,63.0,14.125,33.0,18.0,86.0,153.0,89.0,-0.3,Period
528,2019-03-18,2019,Spring,89.0,61.75,13.375,35.0,44.0,59.0,12343.0,87.0,-0.15,Period
529,2019-03-19,2019,Spring,82.0,63.75,14.0,30.0,31.0,44.0,9521.0,82.0,-0.08,Follicular
530,2019-03-20,2019,Spring,85.0,61.875,13.875,37.0,45.5,37.0,9439.0,81.0,-0.28,Follicular
531,2019-03-21,2019,Spring,80.0,65.5,13.875,28.0,55.5,35.0,9622.0,81.0,-0.13,Follicular
532,2019-03-22,2019,Spring,86.0,60.5,13.875,37.0,54.5,100.0,7972.0,77.0,-0.33,Follicular
533,2019-03-23,2019,Spring,61.0,67.625,13.625,28.0,26.5,33.0,8659.0,77.0,-0.18,Follicular
534,2019-03-24,2019,Spring,82.0,64.5,13.125,30.0,30.0,100.0,11261.0,85.0,-0.24,Follicular
535,2019-03-25,2019,Spring,82.0,62.125,13.625,38.0,46.5,100.0,5441.0,71.0,-0.3,Ovulation
536,2019-03-26,2019,Spring,86.0,59.375,13.375,48.0,70.0,100.0,11415.0,84.0,-0.29,Ovulation
537,2019-03-27,2019,Spring,84.0,64.625,13.875,29.0,37.0,71.0,7374.0,81.0,-0.14,Ovulation
538,2019-03-28,2019,Spring,90.0,62.5,13.75,37.0,69.5,100.0,14.0,80.0,-0.07,Ovulation
539,2019-03-29,2019,Spring,86.0,63.0,13.75,32.0,23.5,68.0,9723.0,82.0,-0.27,Ovulation
540,2019-03-30,2019,Spring,75.0,66.75,13.75,27.0,36.5,84.0,10336.0,79.0,-0.12,Ovulation
541,2019-03-31,2019,Spring,73.0,66.875,14.0,30.0,29.5,57.0,8450.0,72.0,-0.19,Ovulation
542,2019-04-01,2019,Spring,85.0,69.75,13.5,27.0,54.5,54.0,11551.0,70.0,0.29,Ovulation
543,2019-04-02,2019,Spring,89.0,63.875,13.25,32.0,73.5,100.0,9559.0,73.0,-0.06,Lutheal
544,2019-04-03,2019,Spring,83.0,61.375,13.625,39.0,75.0,74.0,7117.0,71.0,0.08,Lutheal
545,2019-04-04,2019,Spring,83.0,62.0,13.625,40.0,44.0,71.0,10201.0,70.0,0.15,Lutheal
546,2019-04-05,2019,Spring,72.0,68.25,13.75,29.0,18.5,71.0,10229.0,68.0,0.48,Lutheal
547,2019-04-06,2019,Spring,77.0,69.375,13.625,28.0,66.5,100.0,2615.0,74.0,0.26,Lutheal
548,2019-04-07,2019,Spring,70.0,68.625,13.75,25.0,48.5,100.0,7918.0,74.0,0.12,Lutheal
549,2019-04-08,2019,Spring,74.0,69.75,14.0,24.0,54.5,34.0,9612.0,70.0,0.52,Lutheal
550,2019-04-09,2019,Spring,84.0,69.5,14.0,24.0,58.5,40.0,5702.0,68.0,0.44,Lutheal
551,2019-04-10,2019,Spring,88.0,66.625,14.25,25.0,53.0,70.0,8674.0,66.0,0.21,Lutheal
552,2019-04-11,2019,Spring,64.0,71.125,14.0,22.0,37.5,100.0,341.0,69.0,0.07,Lutheal
553,2019-04-12,2019,Spring,90.0,64.5,13.375,32.0,60.5,100.0,3171.0,63.0,0.26,Lutheal
554,2019-04-13,2019,Spring,89.0,66.5,14.0,27.0,21.5,82.0,3483.0,58.0,0.25,Lutheal
555,2019-04-14,2019,Spring,84.0,70.375,14.625,19.0,16.5,81.0,3803.0,58.0,-0.03,Lutheal
556,2019-04-15,2019,Spring,86.0,65.375,13.875,19.0,58.5,46.0,7178.0,62.0,0.24,Period
557,2019-04-16,2019,Spring,86.0,64.875,14.375,28.0,47.0,97.0,5845.0,60.0,0.16,Period
558,2019-04-17,2019,Spring,93.0,60.75,14.5,29.0,53.0,100.0,6291.0,60.0,0.02,Period
559,2019-04-18,2019,Spring,85.0,60.625,13.875,40.0,53.5,67.0,8645.0,60.0,-0.12,Period
560,2019-04-19,2019,Spring,89.0,65.875,14.25,22.0,27.0,100.0,4075.0,65.0,0.02,Period
561,2019-04-20,2019,Spring,90.0,60.0,13.75,34.0,34.0,100.0,16387.0,79.0,-0.18,Period
562,2019-04-21,2019,Spring,94.0,61.5,14.125,33.0,73.5,100.0,13451.0,82.0,-0.24,Follicular
563,2019-04-22,2019,Spring,85.0,61.75,14.0,16.0,47.5,73.0,10153.0,80.0,-0.23,Follicular
564,2019-04-23,2019,Spring,87.0,61.875,13.625,33.0,58.5,100.0,10286.0,80.0,0.05,Follicular
565,2019-04-24,2019,Spring,85.0,61.875,14.125,31.0,53.0,49.0,9599.0,74.0,-0.02,Follicular
566,2019-04-25,2019,Spring,89.0,60.875,13.5,30.0,46.0,94.0,9762.0,75.0,-0.08,Follicular
567,2019-04-26,2019,Spring,87.0,61.75,13.875,33.0,60.0,95.0,6380.0,72.0,-0.22,Follicular
568,2019-04-27,2019,Spring,83.0,63.375,13.875,32.0,57.5,82.0,10573.0,71.0,-0.2,Follicular
569,2019-04-28,2019,Spring,77.0,62.75,13.625,33.0,28.5,100.0,4537.0,74.0,-0.19,Follicular
570,2019-04-29,2019,Spring,83.0,60.625,13.875,41.0,89.0,100.0,10094.0,68.0,-0.32,Ovulation
571,2019-04-30,2019,Spring,79.0,63.125,13.875,38.0,35.0,100.0,10349.0,71.0,-0.31,Ovulation
572,2019-05-01,2019,Spring,81.0,63.625,13.625,33.0,63.0,100.0,4936.0,73.0,-0.01,Ovulation
573,2019-05-02,2019,Spring,80.0,63.125,14.0,34.0,64.5,80.0,6833.0,69.0,0.12,Ovulation
574,2019-05-03,2019,Spring,84.0,64.75,14.375,28.0,13.0,100.0,9124.0,67.0,-0.15,Ovulation
575,2019-05-04,2019,Spring,73.0,64.75,13.625,34.0,38.0,65.0,11436.0,71.0,-0.14,Ovulation
576,2019-05-05,2019,Spring,83.0,61.875,14.0,43.0,101.5,100.0,7765.0,69.0,0.0,Ovulation
577,2019-05-06,2019,Spring,79.0,62.125,13.875,33.0,84.0,36.0,4703.0,64.0,0.06,Lutheal
578,2019-05-07,2019,Spring,78.0,67.5,13.875,30.0,33.5,100.0,9592.0,68.0,0.27,Lutheal
579,2019-05-08,2019,Spring,64.0,70.625,13.875,20.0,41.5,75.0,5779.0,67.0,0.39,Lutheal
580,2019-05-09,2019,Spring,62.0,72.625,14.5,21.0,32.5,100.0,6986.0,68.0,0.04,Lutheal
581,2019-05-10,2019,Spring,68.0,71.0,14.125,24.0,52.0,100.0,11579.0,75.0,0.24,Lutheal
582,2019-05-11,2019,Spring,67.0,72.25,13.625,20.0,68.5,50.0,8435.0,81.0,0.24,Lutheal
583,2019-05-12,2019,Spring,70.0,76.375,14.5,21.0,20.5,48.0,7201.0,84.0,0.29,Lutheal
584,2019-05-13,2019,Spring,61.0,72.875,14.25,18.0,26.0,69.0,8801.0,92.0,0.21,Lutheal
585,2019-05-14,2019,Spring,78.0,67.5,14.25,22.0,35.0,44.0,10832.0,87.0,0.41,Lutheal
586,2019-05-15,2019,Spring,80.0,67.875,14.25,26.0,54.5,50.0,12734.0,91.0,0.19,Lutheal
587,2019-05-16,2019,Spring,77.0,70.0,14.75,19.0,21.5,63.0,9864.0,88.0,0.31,Lutheal
589,2019-05-18,2019,Spring,67.0,74.75,14.375,16.0,77.0,100.0,10759.0,88.0,0.15,Period
590,2019-05-19,2019,Spring,90.0,65.875,14.75,17.0,56.0,100.0,7799.0,90.0,-0.05,Period
591,2019-05-20,2019,Spring,79.0,60.0,15.0,39.0,57.5,84.0,9988.0,79.0,-0.12,Period
592,2019-05-21,2019,Spring,84.0,65.875,14.5,18.0,58.0,35.0,9557.0,83.0,0.02,Period
593,2019-05-22,2019,Spring,77.0,69.625,14.25,17.0,21.0,47.0,8784.0,75.0,0.22,Period
594,2019-05-23,2019,Spring,74.0,69.375,13.5,16.0,52.0,100.0,9607.0,73.0,-0.06,Follicular
595,2019-05-24,2019,Spring,91.0,62.0,14.0,38.0,60.5,100.0,6122.0,80.0,-0.26,Follicular
596,2019-05-25,2019,Spring,57.0,69.625,14.25,24.0,28.0,65.0,9661.0,79.0,-0.18,Follicular
597,2019-05-26,2019,Spring,86.0,63.375,14.25,33.0,51.0,100.0,6830.0,77.0,-0.31,Follicular
598,2019-05-27,2019,Spring,77.0,64.875,14.25,30.0,47.0,63.0,9342.0,74.0,-0.23,Follicular
599,2019-05-28,2019,Spring,76.0,70.5,14.125,15.0,38.5,52.0,9831.0,72.0,0.12,Follicular
600,2019-05-29,2019,Spring,78.0,65.625,14.25,29.0,23.5,87.0,7440.0,79.0,-0.36,Ovulation
601,2019-05-30,2019,Spring,43.0,69.25,14.0,27.0,23.0,97.0,6139.0,89.0,-0.21,Ovulation
602,2019-05-31,2019,Spring,59.0,68.875,13.5,21.0,21.5,100.0,4551.0,82.0,-0.27,Ovulation
603,2019-06-01,2019,Summer,67.0,67.25,13.875,26.0,57.5,75.0,3734.0,77.0,-0.32,Ovulation
604,2019-06-02,2019,Summer,35.0,80.625,14.5,13.0,38.0,41.0,5842.0,75.0,-0.11,Ovulation
605,2019-06-03,2019,Summer,68.0,68.375,13.625,35.0,35.5,100.0,5979.0,64.0,-0.31,Ovulation
606,2019-06-04,2019,Summer,74.0,71.0,13.0,19.0,46.0,100.0,3166.0,69.0,0.04,Ovulation
607,2019-06-05,2019,Summer,82.0,68.0,14.125,28.0,71.5,100.0,180.0,65.0,-0.01,Lutheal
608,2019-06-06,2019,Summer,71.0,68.875,13.0,37.0,14.5,100.0,1932.0,57.0,0.19,Lutheal
609,2019-06-07,2019,Summer,55.0,76.875,13.875,22.0,11.0,65.0,1725.0,55.0,1.15,Lutheal
610,2019-06-08,2019,Summer,86.0,71.75,14.5,24.0,31.0,88.0,3056.0,55.0,0.23,Lutheal
611,2019-06-09,2019,Summer,88.0,68.625,14.125,32.0,20.0,84.0,186.0,50.0,0.02,Lutheal
613,2019-06-11,2019,Summer,83.0,69.875,13.75,32.0,17.0,49.0,8219.0,63.0,0.35,Lutheal
614,2019-06-12,2019,Summer,90.0,67.75,14.125,22.0,32.5,84.0,9218.0,70.0,0.2,Lutheal
616,2019-06-14,2019,Summer,74.0,70.25,14.125,16.0,27.5,21.0,9612.0,72.0,0.2,Lutheal
617,2019-06-15,2019,Summer,85.0,66.875,14.5,39.0,24.5,100.0,5083.0,71.0,0.12,Lutheal
618,2019-06-16,2019,Summer,88.0,70.25,13.75,30.0,74.0,48.0,8701.0,70.0,-0.02,Lutheal
619,2019-06-17,2019,Summer,87.0,65.25,14.125,30.0,18.0,100.0,8464.0,73.0,0.05,Period
620,2019-06-18,2019,Summer,91.0,64.25,14.75,34.0,31.0,100.0,9054.0,74.0,0.07,Period
621,2019-06-19,2019,Summer,88.0,65.5,14.5,26.0,55.5,100.0,9650.0,74.0,0.14,Follicular
622,2019-06-20,2019,Summer,92.0,63.0,14.125,29.0,27.5,100.0,10135.0,70.0,-0.07,Follicular
623,2019-06-21,2019,Summer,91.0,65.25,14.875,32.0,31.5,100.0,5994.0,71.0,0.07,Follicular
624,2019-06-22,2019,Summer,93.0,63.375,14.5,30.0,34.5,100.0,10717.0,73.0,0.2,Follicular
625,2019-06-23,2019,Summer,91.0,64.25,14.625,26.0,53.0,78.0,14604.0,72.0,-0.01,Follicular
626,2019-06-24,2019,Summer,89.0,65.375,14.0,25.0,68.5,54.0,13316.0,72.0,-0.49,Follicular
627,2019-06-25,2019,Summer,88.0,67.0,14.5,31.0,29.5,61.0,6319.0,67.0,0.01,Follicular
628,2019-06-26,2019,Summer,91.0,65.75,14.5,27.0,44.0,100.0,13137.0,69.0,-0.2,Follicular
629,2019-06-27,2019,Summer,91.0,64.375,14.25,26.0,28.5,100.0,7761.0,71.0,-0.26,Follicular
630,2019-06-28,2019,Summer,88.0,64.625,14.0,26.0,37.5,72.0,11875.0,70.0,-0.25,Follicular
632,2019-06-30,2019,Summer,80.0,66.25,13.875,29.0,40.5,36.0,9746.0,74.0,-0.3,Follicular
633,2019-07-01,2019,Summer,92.0,64.625,14.125,32.0,29.0,96.0,13342.0,78.0,-0.02,Follicular
634,2019-07-02,2019,Summer,81.0,65.25,14.0,32.0,31.0,100.0,10114.0,81.0,-0.27,Follicular
635,2019-07-03,2019,Summer,82.0,64.0,14.5,31.0,24.5,100.0,5444.0,78.0,-0.25,Follicular
636,2019-07-04,2019,Summer,76.0,66.0,14.0,27.0,35.5,100.0,4754.0,77.0,-0.16,Follicular
637,2019-07-05,2019,Summer,79.0,64.625,14.0,30.0,31.0,50.0,8203.0,77.0,-0.08,Follicular
638,2019-07-06,2019,Summer,77.0,68.875,14.625,21.0,35.5,100.0,3895.0,72.0,-0.01,Ovulation
639,2019-07-07,2019,Summer,84.0,63.25,14.375,30.0,44.5,100.0,3953.0,66.0,-0.27,Ovulation
640,2019-07-08,2019,Summer,88.0,61.5,14.25,30.0,50.0,100.0,13765.0,69.0,-0.2,Ovulation
641,2019-07-09,2019,Summer,83.0,65.125,14.0,34.0,59.5,54.0,7507.0,71.0,0.21,Ovulation
642,2019-07-10,2019,Summer,87.0,66.875,14.0,28.0,29.5,100.0,6236.0,73.0,-0.2,Ovulation
643,2019-07-11,2019,Summer,81.0,67.875,13.125,25.0,69.0,51.0,12287.0,80.0,-0.25,Ovulation
644,2019-07-12,2019,Summer,86.0,66.0,13.75,33.0,18.0,100.0,5698.0,78.0,-0.04,Ovulation
647,2019-07-31,2019,Summer,81.0,72.625,13.875,22.0,70.0,34.0,12295.0,63.0,0.23,Follicular
648,2019-08-01,2019,Summer,65.0,66.375,13.375,31.0,37.5,100.0,8879.0,76.0,-0.17,Follicular
649,2019-08-02,2019,Summer,76.0,64.875,13.75,28.0,31.5,92.0,8334.0,78.0,0.1,Follicular
650,2019-08-03,2019,Summer,92.0,64.875,13.75,26.0,45.5,87.0,14237.0,81.0,0.16,Follicular
651,2019-08-04,2019,Summer,84.0,66.125,14.375,28.0,37.5,100.0,4711.0,84.0,-0.18,Follicular
652,2019-08-05,2019,Summer,94.0,63.625,14.25,27.0,56.0,100.0,12418.0,78.0,-0.24,Follicular
653,2019-08-06,2019,Summer,84.0,64.75,14.25,25.0,32.0,20.0,14145.0,83.0,0.24,Ovulation
654,2019-08-07,2019,Summer,84.0,65.375,13.875,24.0,56.5,41.0,8253.0,80.0,-0.03,Ovulation
655,2019-08-08,2019,Summer,86.0,65.375,14.0,22.0,24.5,100.0,7121.0,75.0,-0.1,Ovulation
656,2019-08-09,2019,Summer,90.0,64.375,14.125,31.0,61.5,100.0,6844.0,78.0,-0.09,Ovulation
657,2019-08-10,2019,Summer,87.0,63.625,14.375,32.0,27.0,100.0,7084.0,79.0,-0.02,Ovulation
658,2019-08-11,2019,Summer,85.0,67.125,14.5,22.0,48.5,83.0,4336.0,80.0,-0.09,Ovulation
659,2019-08-12,2019,Summer,83.0,66.75,13.625,23.0,32.0,100.0,7743.0,77.0,-0.02,Ovulation
660,2019-08-13,2019,Summer,84.0,67.625,14.0,29.0,46.5,97.0,9272.0,69.0,0.39,Lutheal
661,2019-08-14,2019,Summer,87.0,67.5,13.5,25.0,18.5,28.0,8184.0,69.0,0.31,Lutheal
662,2019-08-15,2019,Summer,94.0,65.75,13.875,27.0,78.0,100.0,9357.0,70.0,0.17,Lutheal
663,2019-08-16,2019,Summer,96.0,65.75,14.0,29.0,54.0,100.0,8954.0,70.0,0.16,Lutheal
664,2019-08-17,2019,Summer,84.0,69.5,14.25,24.0,53.0,30.0,13008.0,80.0,0.41,Lutheal
665,2019-08-18,2019,Summer,87.0,68.625,14.125,23.0,43.5,100.0,5542.0,77.0,0.19,Lutheal
666,2019-08-19,2019,Summer,82.0,69.5,14.25,21.0,67.0,51.0,8401.0,80.0,0.32,Lutheal
668,2019-08-21,2019,Summer,77.0,71.625,14.625,19.0,38.5,60.0,10208.0,79.0,0.3,Lutheal
669,2019-08-22,2019,Summer,76.0,72.5,15.0,20.0,32.5,59.0,6878.0,80.0,0.36,Lutheal
670,2019-08-23,2019,Summer,82.0,68.25,14.375,23.0,56.5,100.0,11943.0,87.0,0.28,Period
671,2019-08-24,2019,Summer,83.0,70.625,14.5,20.0,27.0,87.0,8227.0,84.0,0.13,Period
672,2019-08-25,2019,Summer,89.0,66.125,14.75,26.0,28.5,73.0,10688.0,81.0,-0.01,Period
673,2019-08-26,2019,Summer,89.0,66.125,14.375,25.0,20.5,54.0,10920.0,76.0,-0.21,Period
674,2019-08-27,2019,Summer,87.0,63.375,14.125,30.0,30.5,44.0,12921.0,78.0,0.0,Period
675,2019-08-28,2019,Summer,91.0,63.0,14.125,34.0,36.0,80.0,13764.0,77.0,-0.06,Period
676,2019-08-29,2019,Summer,84.0,62.25,14.125,33.0,37.0,60.0,10416.0,68.0,-0.33,Follicular
677,2019-08-30,2019,Summer,83.0,61.125,14.0,34.0,38.0,52.0,10835.0,61.0,-0.18,Follicular
678,2019-08-31,2019,Summer,89.0,64.125,14.125,29.0,61.0,100.0,19318.0,59.0,-0.17,Follicular
679,2019-09-01,2019,Autumn,85.0,63.25,14.25,30.0,33.5,99.0,4085.0,66.0,-0.1,Follicular
680,2019-09-02,2019,Autumn,91.0,62.5,14.375,32.0,45.5,100.0,11495.0,77.0,-0.16,Follicular
681,2019-09-03,2019,Autumn,86.0,63.125,14.25,31.0,39.0,58.0,15686.0,84.0,-0.22,Follicular
682,2019-09-04,2019,Autumn,89.0,62.125,13.875,37.0,31.5,96.0,11326.0,80.0,-0.01,Follicular
683,2019-09-05,2019,Autumn,82.0,65.625,14.125,32.0,21.0,100.0,8989.0,81.0,-0.01,Follicular
684,2019-09-06,2019,Autumn,78.0,61.75,13.75,33.0,29.0,38.0,7990.0,75.0,-0.28,Ovulation
685,2019-09-07,2019,Autumn,86.0,64.25,13.875,35.0,42.0,100.0,4041.0,81.0,-0.06,Ovulation
686,2019-09-08,2019,Autumn,79.0,69.5,14.0,25.0,36.0,44.0,6951.0,79.0,-0.13,Ovulation
687,2019-09-09,2019,Autumn,89.0,65.375,14.125,26.0,29.0,55.0,9112.0,77.0,0.08,Ovulation
688,2019-09-10,2019,Autumn,88.0,64.875,14.0,31.0,41.5,71.0,3306.0,67.0,-0.12,Ovulation
689,2019-09-11,2019,Autumn,82.0,64.0,14.0,32.0,29.0,37.0,7282.0,60.0,-0.4,Ovulation
690,2019-09-12,2019,Autumn,81.0,72.25,14.625,25.0,42.0,100.0,10820.0,67.0,-0.03,Ovulation
691,2019-09-13,2019,Autumn,73.0,70.0,14.625,20.0,25.0,40.0,21873.0,75.0,-0.1,Lutheal
692,2019-09-14,2019,Autumn,79.0,67.0,13.75,30.0,78.5,60.0,12555.0,84.0,0.04,Lutheal
694,2019-09-16,2019,Autumn,83.0,67.375,14.0,33.0,65.5,82.0,6689.0,84.0,0.52,Lutheal
695,2019-09-17,2019,Autumn,85.0,67.75,14.25,28.0,56.5,35.0,3821.0,84.0,0.29,Lutheal
696,2019-09-18,2019,Autumn,78.0,65.125,13.75,33.0,31.0,81.0,11219.0,81.0,0.28,Lutheal
697,2019-09-19,2019,Autumn,78.0,65.875,14.125,35.0,31.5,100.0,14646.0,87.0,0.47,Lutheal
698,2019-09-20,2019,Autumn,80.0,65.125,13.625,33.0,101.5,100.0,7591.0,79.0,0.31,Lutheal
699,2019-09-21,2019,Autumn,83.0,64.75,14.375,34.0,71.5,100.0,9093.0,77.0,0.3,Lutheal
700,2019-09-22,2019,Autumn,72.0,69.375,14.5,27.0,49.5,47.0,6921.0,77.0,0.22,Lutheal
701,2019-09-23,2019,Autumn,80.0,68.625,13.875,29.0,27.0,47.0,9427.0,73.0,0.28,Lutheal
702,2019-09-24,2019,Autumn,79.0,68.125,13.75,30.0,62.0,100.0,3022.0,72.0,0.14,Lutheal
703,2019-09-25,2019,Autumn,76.0,68.125,13.875,24.0,55.5,100.0,11326.0,71.0,0.13,Lutheal
704,2019-09-26,2019,Autumn,82.0,62.25,13.625,32.0,61.5,45.0,4626.0,62.0,0.06,Period
705,2019-09-27,2019,Autumn,82.0,64.125,13.75,33.0,69.0,69.0,7656.0,63.0,-0.08,Follicular
706,2019-09-28,2019,Autumn,83.0,65.125,14.5,35.0,16.0,100.0,4793.0,68.0,0.13,Follicular
707,2019-09-29,2019,Autumn,81.0,67.125,13.625,24.0,42.5,100.0,6223.0,67.0,-0.28,Follicular
708,2019-09-30,2019,Autumn,86.0,63.875,14.25,33.0,71.5,100.0,9736.0,67.0,-0.21,Follicular
709,2019-10-01,2019,Autumn,95.0,62.25,13.75,37.0,67.0,100.0,8321.0,66.0,-0.06,Follicular
710,2019-10-02,2019,Autumn,89.0,60.375,14.0,37.0,63.5,100.0,4810.0,65.0,-0.26,Follicular
711,2019-10-03,2019,Autumn,88.0,58.75,14.0,34.0,58.0,100.0,4761.0,63.0,-0.32,Follicular
712,2019-10-04,2019,Autumn,74.0,62.0,13.75,38.0,33.5,33.0,7021.0,61.0,-0.03,Follicular
713,2019-10-05,2019,Autumn,93.0,58.0,13.875,40.0,69.0,100.0,10498.0,58.0,-0.24,Follicular
714,2019-10-06,2019,Autumn,90.0,62.125,12.625,40.0,78.5,64.0,5173.0,58.0,-0.23,Follicular
715,2019-10-07,2019,Autumn,91.0,62.125,14.0,38.0,44.0,74.0,8778.0,55.0,0.18,Follicular
716,2019-10-08,2019,Autumn,89.0,60.75,13.375,38.0,69.0,51.0,6955.0,55.0,-0.16,Follicular
717,2019-10-09,2019,Autumn,92.0,62.5,14.0,37.0,1.0,100.0,9231.0,53.0,-0.29,Follicular
718,2019-10-10,2019,Autumn,81.0,64.19,13.5,29.0,28.0,98.0,8894.0,52.0,-0.28,Follicular
719,2019-10-11,2019,Autumn,94.0,59.69,13.25,40.0,97.5,100.0,8513.0,52.0,-0.42,Ovulation
720,2019-10-12,2019,Autumn,86.0,60.17,13.625,37.0,54.0,100.0,11414.0,62.0,-0.19,Ovulation
721,2019-10-13,2019,Autumn,78.0,61.76,13.75,40.0,39.0,64.0,10576.0,63.0,0.02,Ovulation
722,2019-10-14,2019,Autumn,87.0,58.42,13.375,41.0,75.0,100.0,14719.0,76.0,-0.25,Ovulation
723,2019-10-15,2019,Autumn,81.0,63.52,13.75,28.0,63.5,99.0,6265.0,74.0,-0.18,Ovulation
724,2019-10-16,2019,Autumn,86.0,59.45,13.625,37.0,80.0,100.0,7197.0,75.0,-0.32,Ovulation
725,2019-10-17,2019,Autumn,84.0,59.27,13.875,38.0,58.0,100.0,8782.0,73.0,0.04,Ovulation
726,2019-10-18,2019,Autumn,85.0,60.61,13.75,36.0,62.0,48.0,4702.0,69.0,0.11,Lutheal
727,2019-10-19,2019,Autumn,80.0,60.4,14.125,51.0,78.5,100.0,12665.0,79.0,0.24,Lutheal
728,2019-10-20,2019,Autumn,80.0,62.16,14.25,39.0,39.0,38.0,10141.0,81.0,0.37,Lutheal
729,2019-10-21,2019,Autumn,85.0,57.56,14.0,46.0,65.5,100.0,9580.0,73.0,0.29,Lutheal
730,2019-10-22,2019,Autumn,74.0,65.72,14.5,38.0,25.5,63.0,5787.0,71.0,0.14,Lutheal
731,2019-10-23,2019,Autumn,92.0,61.94,14.0,37.0,76.0,100.0,6406.0,75.0,0.2,Lutheal
732,2019-10-24,2019,Autumn,83.0,63.54,14.375,34.0,66.5,46.0,12112.0,82.0,0.25,Lutheal
733,2019-10-25,2019,Autumn,73.0,64.84,14.0,29.0,75.0,100.0,11470.0,84.0,0.45,Lutheal
734,2019-10-26,2019,Autumn,79.0,65.16,14.125,34.0,57.0,100.0,14577.0,88.0,0.22,Lutheal
735,2019-10-27,2019,Autumn,71.0,66.94,14.0,26.0,62.5,50.0,6623.0,85.0,0.28,Lutheal
736,2019-10-28,2019,Autumn,82.0,63.61,13.625,35.0,66.5,66.0,4405.0,86.0,0.07,Lutheal
737,2019-10-29,2019,Autumn,85.0,61.91,13.875,35.0,71.0,100.0,16564.0,92.0,0.0,Period
738,2019-10-30,2019,Autumn,88.0,61.69,14.0,38.0,108.5,100.0,6205.0,94.0,0.13,Period
739,2019-10-31,2019,Autumn,61.0,61.22,13.25,32.0,47.0,100.0,11189.0,91.0,-0.07,Period
740,2019-11-01,2019,Autumn,85.0,59.75,14.0,36.0,58.0,100.0,8500.0,82.0,-0.07,Period
741,2019-11-02,2019,Autumn,84.0,58.72,13.875,37.0,36.5,100.0,9247.0,82.0,-0.27,Period
742,2019-11-03,2019,Autumn,83.0,58.87,13.375,39.0,78.0,65.0,6888.0,82.0,0.01,Period
743,2019-11-04,2019,Autumn,87.0,60.92,14.0,33.0,21.5,100.0,7239.0,81.0,-0.13,Follicular
744,2019-11-05,2019,Autumn,89.0,58.38,13.375,34.0,48.0,100.0,7912.0,76.0,-0.19,Follicular
745,2019-11-06,2019,Autumn,84.0,61.14,13.625,33.0,51.5,100.0,8886.0,76.0,-0.05,Follicular
746,2019-11-07,2019,Autumn,85.0,62.46,13.5,29.0,67.5,35.0,7768.0,66.0,-0.12,Follicular
747,2019-11-08,2019,Autumn,83.0,63.27,13.875,33.0,58.0,84.0,5272.0,64.0,0.02,Follicular
748,2019-11-09,2019,Autumn,84.0,60.43,13.5,36.0,23.0,52.0,13754.0,74.0,-0.18,Ovulation
749,2019-11-10,2019,Autumn,87.0,63.3,13.75,26.0,68.0,100.0,10337.0,73.0,-0.38,Ovulation
750,2019-11-11,2019,Autumn,86.0,63.14,13.75,27.0,69.0,48.0,8083.0,71.0,0.05,Ovulation
751,2019-11-12,2019,Autumn,80.0,62.48,13.875,31.0,23.0,52.0,7036.0,67.0,-0.09,Ovulation
752,2019-11-13,2019,Autumn,79.0,64.28,13.5,28.0,31.5,97.0,8858.0,72.0,-0.09,Ovulation
753,2019-11-14,2019,Autumn,78.0,64.5,14.25,26.0,35.0,49.0,8210.0,74.0,0.18,Ovulation
754,2019-11-15,2019,Autumn,82.0,63.07,13.625,33.0,76.0,100.0,11853.0,79.0,-0.23,Ovulation
755,2019-11-16,2019,Autumn,78.0,63.7,13.75,30.0,27.5,100.0,3647.0,73.0,-0.08,Ovulation
756,2019-11-17,2019,Autumn,84.0,62.28,14.125,32.0,29.0,56.0,16386.0,84.0,-0.14,Lutheal
757,2019-11-18,2019,Autumn,83.0,65.55,14.25,29.0,11.0,62.0,8863.0,84.0,0.07,Lutheal
758,2019-11-19,2019,Autumn,89.0,61.87,13.875,36.0,53.0,53.0,17053.0,88.0,-0.07,Lutheal
759,2019-11-20,2019,Autumn,75.0,65.89,13.875,29.0,52.0,67.0,5504.0,89.0,0.07,Lutheal
760,2019-11-21,2019,Autumn,76.0,70.61,14.25,25.0,36.0,50.0,14230.0,91.0,0.47,Lutheal
761,2019-11-22,2019,Autumn,82.0,66.63,14.0,29.0,50.0,80.0,8021.0,86.0,0.19,Lutheal
762,2019-11-23,2019,Autumn,70.0,70.14,14.25,24.0,39.5,53.0,13711.0,91.0,0.37,Lutheal
763,2019-11-24,2019,Autumn,57.0,74.7,14.125,24.0,13.5,89.0,6321.0,82.0,0.29,Lutheal
764,2019-11-25,2019,Autumn,59.0,72.24,14.625,20.0,50.0,34.0,7485.0,90.0,0.21,Lutheal
765,2019-11-26,2019,Autumn,73.0,69.86,14.375,24.0,22.5,100.0,4765.0,80.0,0.27,Lutheal
766,2019-11-27,2019,Autumn,76.0,67.76,14.0,29.0,79.5,100.0,7240.0,81.0,0.32,Lutheal
767,2019-11-28,2019,Autumn,80.0,67.75,14.25,27.0,58.5,100.0,4872.0,74.0,0.17,Lutheal
768,2019-11-29,2019,Autumn,73.0,68.52,14.125,27.0,34.0,64.0,8679.0,70.0,0.03,Period
769,2019-11-30,2019,Autumn,82.0,65.92,13.75,29.0,33.0,59.0,11520.0,66.0,-0.1,Period
770,2019-12-01,2019,Winter,95.0,62.06,13.5,40.0,72.5,100.0,3667.0,66.0,-0.1,Period
771,2019-12-02,2019,Winter,90.0,63.47,14.375,33.0,27.5,58.0,10633.0,62.0,-0.23,Period
772,2019-12-03,2019,Winter,91.0,62.74,13.625,33.0,67.5,63.0,8331.0,64.0,-0.09,Period
773,2019-12-04,2019,Winter,86.0,59.83,13.75,42.0,85.0,86.0,10018.0,62.0,-0.09,Follicular
774,2019-12-05,2019,Winter,92.0,60.75,13.5,36.0,43.0,95.0,11900.0,72.0,-0.09,Follicular
775,2019-12-06,2019,Winter,89.0,57.98,13.375,41.0,79.0,100.0,5669.0,72.0,-0.15,Follicular
776,2019-12-07,2019,Winter,73.0,59.46,13.75,38.0,56.0,100.0,14793.0,78.0,-0.21,Follicular
777,2019-12-08,2019,Winter,82.0,58.88,14.0,38.0,51.0,100.0,4928.0,74.0,-0.27,Follicular
778,2019-12-09,2019,Winter,86.0,60.86,13.75,35.0,86.0,100.0,12393.0,79.0,0.01,Follicular
779,2019-12-10,2019,Winter,74.0,64.0,14.375,32.0,40.5,24.0,5320.0,80.0,0.22,Follicular
780,2019-12-11,2019,Winter,73.0,63.23,14.5,35.0,68.0,100.0,10283.0,80.0,0.21,Follicular
781,2019-12-12,2019,Winter,63.0,66.39,14.0,30.0,52.5,73.0,4784.0,73.0,0.62,Follicular
782,2019-12-13,2019,Winter,70.0,67.16,14.875,31.0,33.5,54.0,6546.0,75.0,0.46,Follicular
783,2019-12-14,2019,Winter,83.0,65.71,15.0,31.0,43.5,100.0,7971.0,63.0,0.5,Ovulation
784,2019-12-15,2019,Winter,71.0,70.07,15.0,20.0,31.5,93.0,1623.0,64.0,-0.2,Ovulation
785,2019-12-16,2019,Winter,74.0,66.99,14.875,26.0,39.5,61.0,10435.0,66.0,-0.13,Ovulation
786,2019-12-17,2019,Winter,79.0,66.46,14.625,28.0,64.0,49.0,9146.0,74.0,-0.13,Ovulation
787,2019-12-18,2019,Winter,79.0,65.78,14.5,28.0,69.0,100.0,7718.0,72.0,-0.26,Ovulation
788,2019-12-19,2019,Winter,78.0,66.52,14.375,27.0,58.5,90.0,9529.0,73.0,-0.31,Ovulation
789,2019-12-20,2019,Winter,77.0,68.35,14.375,21.0,80.5,100.0,4570.0,73.0,-0.09,Ovulation
790,2019-12-21,2019,Winter,50.0,75.96,15.0,17.0,18.5,37.0,6318.0,70.0,0.18,Lutheal
791,2019-12-22,2019,Winter,90.0,65.34,14.375,31.0,43.5,94.0,11637.0,77.0,0.12,Lutheal
792,2019-12-23,2019,Winter,79.0,67.38,14.125,26.0,57.0,64.0,6776.0,69.0,0.25,Lutheal
793,2019-12-24,2019,Winter,82.0,67.27,14.25,28.0,55.0,33.0,2779.0,59.0,0.31,Lutheal
794,2019-12-25,2019,Winter,74.0,72.48,15.25,20.0,39.0,55.0,10378.0,63.0,0.1,Lutheal
795,2019-12-26,2019,Winter,81.0,67.69,14.625,27.0,26.5,55.0,9558.0,70.0,0.02,Lutheal
796,2019-12-27,2019,Winter,69.0,69.5,14.5,27.0,10.5,42.0,5807.0,74.0,0.29,Lutheal
797,2019-12-28,2019,Winter,81.0,69.12,14.5,24.0,39.0,45.0,3813.0,67.0,0.41,Lutheal
798,2019-12-29,2019,Winter,90.0,69.63,14.125,25.0,39.5,93.0,490.0,66.0,0.19,Lutheal
799,2019-12-30,2019,Winter,88.0,66.54,13.875,30.0,73.5,58.0,4662.0,66.0,0.11,Period
800,2019-12-31,2019,Winter,88.0,67.37,14.0,23.0,71.5,84.0,2738.0,64.0,-0.1,Period
801,2020-01-01,2020,Winter,92.0,65.86,14.0,28.0,51.0,84.0,12836.0,68.0,-0.29,Period
802,2020-01-02,2020,Winter,94.0,65.28,13.375,30.0,56.5,100.0,275.0,64.0,-0.08,Period
803,2020-01-03,2020,Winter,97.0,63.15,13.75,34.0,59.5,100.0,11859.0,69.0,-0.01,Period
805,2020-01-05,2020,Winter,94.0,60.72,13.125,35.0,32.0,100.0,1649.0,70.0,-0.14,Period
806,2020-01-06,2020,Winter,93.0,62.2,13.75,28.0,70.5,67.0,14642.0,73.0,-0.4,Period
807,2020-01-07,2020,Winter,87.0,64.6,13.5,29.0,42.5,46.0,7822.0,70.0,-0.32,Period
808,2020-01-08,2020,Winter,83.0,65.9,13.625,23.0,56.5,35.0,13660.0,76.0,0.02,Follicular
809,2020-01-09,2020,Winter,78.0,67.95,14.375,20.0,27.0,45.0,10439.0,75.0,-0.25,Ovulation
810,2020-01-10,2020,Winter,90.0,62.47,13.875,30.0,74.5,80.0,19046.0,84.0,-0.38,Ovulation
812,2020-01-12,2020,Winter,88.0,64.61,14.125,27.0,65.5,100.0,11078.0,85.0,-0.16,Ovulation
813,2020-01-13,2020,Winter,84.0,64.35,13.75,23.0,52.0,44.0,9585.0,81.0,-0.29,Ovulation
814,2020-01-14,2020,Winter,84.0,63.96,13.625,26.0,22.5,100.0,4838.0,78.0,-0.35,Ovulation
815,2020-01-15,2020,Winter,77.0,64.61,13.75,24.0,63.5,59.0,8999.0,74.0,-0.2,Ovulation
816,2020-01-16,2020,Winter,71.0,67.97,14.375,23.0,52.5,77.0,7817.0,74.0,-0.19,Lutheal
817,2020-01-17,2020,Winter,83.0,65.16,13.75,29.0,42.5,100.0,11004.0,73.0,-0.18,Lutheal
818,2020-01-18,2020,Winter,86.0,63.95,13.625,31.0,45.5,100.0,10615.0,71.0,0.03,Lutheal
820,2020-01-20,2020,Winter,86.0,65.81,13.25,24.0,53.0,64.0,10801.0,70.0,0.03,Lutheal
821,2020-01-21,2020,Winter,82.0,64.67,14.0,28.0,45.5,100.0,6788.0,68.0,0.17,Lutheal
822,2020-01-22,2020,Winter,85.0,62.92,13.875,33.0,26.0,100.0,8677.0,69.0,0.3,Lutheal
823,2020-01-23,2020,Winter,84.0,65.68,13.875,27.0,59.5,84.0,5721.0,66.0,0.29,Lutheal
824,2020-01-24,2020,Winter,73.0,69.76,14.25,22.0,42.5,60.0,10753.0,65.0,0.21,Lutheal
825,2020-01-25,2020,Winter,79.0,68.76,14.125,28.0,62.5,53.0,13878.0,77.0,0.21,Lutheal
826,2020-01-26,2020,Winter,62.0,71.74,14.625,21.0,13.0,81.0,5030.0,77.0,0.47,Lutheal
827,2020-01-27,2020,Winter,77.0,67.54,13.875,24.0,45.0,100.0,8749.0,75.0,0.46,Lutheal
828,2020-01-28,2020,Winter,75.0,71.45,14.375,19.0,56.0,52.0,5208.0,71.0,0.38,Lutheal
829,2020-01-29,2020,Winter,86.0,66.5,14.125,24.0,32.5,53.0,12910.0,79.0,0.23,Period
830,2020-01-30,2020,Winter,80.0,68.67,14.375,24.0,16.5,42.0,12224.0,80.0,-0.05,Period
831,2020-01-31,2020,Winter,82.0,65.09,14.375,25.0,45.0,100.0,11554.0,88.0,-0.12,Period
832,2020-02-01,2020,Winter,83.0,63.15,14.125,30.0,17.0,92.0,14628.0,86.0,-0.11,Follicular
833,2020-02-02,2020,Winter,80.0,63.44,13.875,31.0,71.5,100.0,6875.0,89.0,-0.31,Follicular
834,2020-02-03,2020,Winter,80.0,58.71,13.875,37.0,58.0,75.0,8294.0,85.0,-0.29,Follicular
835,2020-02-04,2020,Winter,81.0,60.78,13.75,34.0,40.0,79.0,8580.0,86.0,-0.08,Follicular
836,2020-02-05,2020,Winter,80.0,60.82,14.125,37.0,4.0,100.0,9876.0,82.0,-0.08,Follicular
837,2020-02-06,2020,Winter,82.0,62.5,13.375,29.0,63.0,59.0,5230.0,72.0,-0.28,Follicular
838,2020-02-07,2020,Winter,90.0,60.38,13.25,35.0,59.0,100.0,15221.0,77.0,-0.14,Follicular
840,2020-02-09,2020,Winter,96.0,61.25,13.875,34.0,57.5,100.0,12538.0,67.0,-0.06,Follicular
841,2020-02-10,2020,Winter,71.0,58.84,12.25,32.0,53.0,82.0,2148.0,64.0,-0.26,Follicular
842,2020-02-11,2020,Winter,88.0,60.62,14.125,30.0,50.5,100.0,5141.0,62.0,-0.18,Follicular
843,2020-02-12,2020,Winter,85.0,59.72,13.375,33.0,25.0,100.0,8335.0,66.0,-0.18,Ovulation
844,2020-02-13,2020,Winter,88.0,63.23,14.125,31.0,42.0,100.0,7690.0,70.0,0.03,Ovulation
845,2020-02-14,2020,Winter,90.0,63.39,13.875,32.0,49.0,100.0,3866.0,59.0,-0.1,Ovulation
846,2020-02-15,2020,Winter,90.0,64.95,13.375,29.0,49.0,76.0,3251.0,65.0,-0.24,Ovulation
847,2020-02-16,2020,Winter,92.0,65.53,14.5,29.0,28.0,92.0,7511.0,61.0,-0.16,Ovulation
848,2020-02-17,2020,Winter,91.0,63.65,13.625,32.0,58.5,40.0,5689.0,64.0,-0.22,Ovulation
849,2020-02-18,2020,Winter,96.0,63.37,14.125,34.0,67.5,100.0,1489.0,59.0,-0.14,Ovulation
850,2020-02-19,2020,Winter,92.0,65.45,14.375,30.0,53.0,100.0,12619.0,70.0,-0.07,Lutheal
851,2020-02-20,2020,Winter,91.0,65.91,14.0,29.0,45.5,100.0,10584.0,69.0,0.21,Lutheal
852,2020-02-21,2020,Winter,81.0,67.9,14.5,22.0,33.5,46.0,7756.0,71.0,0.13,Lutheal
853,2020-02-22,2020,Winter,92.0,65.87,14.0,27.0,55.5,100.0,12936.0,74.0,0.33,Lutheal
854,2020-02-23,2020,Winter,89.0,65.08,13.75,29.0,53.5,72.0,10910.0,74.0,0.25,Lutheal
855,2020-02-24,2020,Winter,90.0,65.69,13.875,29.0,83.0,55.0,16096.0,78.0,0.31,Lutheal
856,2020-02-25,2020,Winter,86.0,63.86,13.5,33.0,59.5,100.0,10890.0,77.0,0.37,Lutheal
857,2020-02-26,2020,Winter,84.0,61.78,14.25,37.0,59.0,82.0,9503.0,80.0,0.36,Lutheal
858,2020-02-27,2020,Winter,83.0,63.58,14.0,34.0,61.0,56.0,13364.0,81.0,0.21,Lutheal
859,2020-02-28,2020,Winter,84.0,64.19,13.75,33.0,99.5,100.0,7986.0,84.0,0.19,Lutheal
860,2020-02-29,2020,Winter,86.0,62.01,14.0,37.0,60.5,100.0,8630.0,81.0,0.25,Lutheal
861,2020-03-01,2020,Spring,87.0,63.16,13.5,36.0,41.5,100.0,8868.0,84.0,0.17,Lutheal
862,2020-03-02,2020,Spring,90.0,62.46,13.875,35.0,70.5,100.0,11831.0,79.0,0.24,Lutheal
863,2020-03-03,2020,Spring,88.0,61.4,13.5,31.0,85.5,98.0,348.0,81.0,-0.11,Period
864,2020-03-04,2020,Spring,88.0,56.79,14.0,42.0,136.0,92.0,4661.0,73.0,-0.24,Period
865,2020-03-05,2020,Spring,88.0,55.94,13.75,43.0,90.5,100.0,16262.0,76.0,-0.03,Period
866,2020-03-06,2020,Spring,83.0,61.14,13.5,43.0,90.5,87.0,15598.0,85.0,0.17,Period
867,2020-03-07,2020,Spring,81.0,60.71,14.0,38.0,49.0,69.0,12514.0,89.0,-0.04,Period
868,2020-03-08,2020,Spring,84.0,58.11,13.875,42.0,67.5,100.0,8155.0,86.0,-0.17,Period
869,2020-03-09,2020,Spring,80.0,61.05,13.75,41.0,37.5,43.0,11801.0,90.0,-0.23,Period
870,2020-03-10,2020,Spring,83.0,59.04,13.5,42.0,94.5,96.0,5374.0,90.0,-0.16,Follicular
871,2020-03-11,2020,Spring,86.0,62.21,13.75,35.0,115.5,100.0,8107.0,88.0,-0.08,Follicular
872,2020-03-12,2020,Spring,85.0,58.52,13.625,43.0,69.5,100.0,1980.0,81.0,-0.22,Ovulation
873,2020-03-13,2020,Spring,87.0,56.8,14.0,42.0,61.5,100.0,5512.0,70.0,-0.21,Ovulation
874,2020-03-14,2020,Spring,90.0,57.28,13.5,42.0,71.0,100.0,5957.0,63.0,-0.07,Ovulation
875,2020-03-15,2020,Spring,93.0,58.95,13.625,39.0,84.0,100.0,270.0,63.0,-0.13,Ovulation
876,2020-03-16,2020,Spring,78.0,63.65,14.0,26.0,60.5,92.0,586.0,55.0,-0.19,Ovulation
877,2020-03-17,2020,Spring,81.0,62.75,13.0,35.0,106.0,43.0,553.0,54.0,-0.4,Ovulation
878,2020-03-18,2020,Spring,81.0,65.47,14.0,30.0,48.0,100.0,4468.0,55.0,-0.24,Ovulation
879,2020-03-19,2020,Spring,84.0,63.12,13.875,37.0,59.5,62.0,395.0,54.0,-0.17,Lutheal
880,2020-03-20,2020,Spring,83.0,63.37,14.125,34.0,59.0,100.0,6574.0,54.0,0.04,Lutheal
881,2020-03-21,2020,Spring,86.0,61.51,13.5,39.0,86.0,38.0,2100.0,56.0,-0.02,Lutheal
882,2020-03-22,2020,Spring,86.0,61.49,13.875,38.0,33.5,76.0,1034.0,56.0,0.39,Lutheal
883,2020-03-23,2020,Spring,84.0,61.39,13.875,37.0,59.5,65.0,193.0,55.0,0.43,Lutheal
884,2020-03-24,2020,Spring,79.0,65.31,14.25,34.0,39.5,42.0,7770.0,58.0,0.21,Lutheal
885,2020-03-25,2020,Spring,73.0,67.36,13.75,27.0,64.0,23.0,1506.0,61.0,0.4,Lutheal
886,2020-03-26,2020,Spring,85.0,64.7,14.125,32.0,70.5,60.0,7052.0,63.0,0.25,Lutheal
887,2020-03-27,2020,Spring,91.0,63.71,14.0,36.0,55.0,100.0,9355.0,70.0,0.31,Lutheal
888,2020-03-28,2020,Spring,88.0,63.55,13.625,34.0,24.0,84.0,747.0,68.0,0.3,Lutheal
889,2020-03-29,2020,Spring,72.0,72.55,14.25,21.0,75.5,46.0,13789.0,80.0,0.35,Lutheal
890,2020-03-30,2020,Spring,77.0,68.6,14.125,24.0,40.0,60.0,1152.0,78.0,0.27,Lutheal
891,2020-03-31,2020,Spring,74.0,68.31,13.75,20.0,53.5,38.0,9069.0,70.0,0.19,Lutheal
892,2020-04-01,2020,Spring,76.0,65.82,14.375,27.0,45.5,57.0,9194.0,74.0,0.05,Period
893,2020-04-02,2020,Spring,80.0,60.25,13.875,40.0,28.0,40.0,1380.0,74.0,-0.09,Period
894,2020-04-03,2020,Spring,91.0,58.51,13.75,41.0,64.5,100.0,4881.0,73.0,-0.15,Period
895,2020-04-04,2020,Spring,92.0,57.55,13.875,41.0,53.5,94.0,7166.0,77.0,-0.07,Period
896,2020-04-05,2020,Spring,88.0,55.43,13.75,43.0,32.5,59.0,4691.0,61.0,-0.27,Period
898,2020-04-07,2020,Spring,98.0,56.28,13.75,38.0,59.0,100.0,1141.0,62.0,-0.25,Follicular
899,2020-04-08,2020,Spring,93.0,62.72,14.125,28.0,66.0,100.0,8872.0,66.0,-0.17,Follicular
900,2020-04-09,2020,Spring,91.0,63.65,13.75,32.0,63.5,39.0,11155.0,70.0,-0.1,Follicular
901,2020-04-10,2020,Spring,89.0,60.85,13.625,35.0,21.5,96.0,9647.0,74.0,-0.09,Follicular
902,2020-04-11,2020,Spring,87.0,62.42,13.125,30.0,59.0,27.0,10300.0,71.0,-0.23,Follicular
903,2020-04-12,2020,Spring,94.0,62.26,13.75,32.0,55.0,94.0,9041.0,66.0,-0.22,Follicular
904,2020-04-13,2020,Spring,86.0,63.73,14.0,31.0,70.5,53.0,13124.0,72.0,-0.14,Follicular
905,2020-04-14,2020,Spring,77.0,64.9,14.0,27.0,30.0,35.0,9952.0,72.0,-0.34,Ovulation
906,2020-04-15,2020,Spring,81.0,65.16,13.75,29.0,58.0,61.0,7473.0,73.0,-0.26,Ovulation
907,2020-04-16,2020,Spring,78.0,66.09,13.875,24.0,34.5,59.0,6577.0,69.0,-0.18,Ovulation
908,2020-04-17,2020,Spring,85.0,62.19,13.875,33.0,47.0,100.0,6691.0,73.0,-0.11,Ovulation
910,2020-04-19,2020,Spring,78.0,67.13,14.0,26.0,47.0,98.0,7277.0,73.0,-0.17,Ovulation
911,2020-04-20,2020,Spring,84.0,64.79,14.375,27.0,47.0,97.0,1545.0,66.0,-0.16,Ovulation
912,2020-04-21,2020,Spring,87.0,62.89,13.875,33.0,51.0,100.0,5891.0,67.0,0.06,Lutheal
913,2020-04-22,2020,Spring,86.0,66.32,14.0,27.0,54.0,61.0,9909.0,70.0,0.24,Lutheal
914,2020-04-23,2020,Spring,79.0,68.09,14.375,22.0,23.0,78.0,2075.0,65.0,0.1,Lutheal
915,2020-04-24,2020,Spring,77.0,65.43,14.25,27.0,18.0,100.0,8545.0,69.0,0.36,Lutheal
917,2020-04-26,2020,Spring,74.0,69.9,15.125,22.0,28.5,100.0,9343.0,72.0,0.27,Lutheal
918,2020-04-27,2020,Spring,78.0,69.08,14.625,20.0,55.5,82.0,8960.0,69.0,0.26,Lutheal
919,2020-04-28,2020,Spring,69.0,70.99,15.0,19.0,32.0,84.0,6257.0,73.0,0.38,Lutheal
920,2020-04-29,2020,Spring,68.0,71.46,14.875,19.0,49.5,14.0,4483.0,65.0,0.51,Lutheal
921,2020-04-30,2020,Spring,76.0,67.32,14.0,26.0,24.5,56.0,6541.0,73.0,0.29,Lutheal
922,2020-05-01,2020,Spring,81.0,66.16,14.0,24.0,66.0,100.0,2872.0,66.0,0.35,Lutheal
923,2020-05-02,2020,Spring,77.0,67.6,15.125,24.0,25.5,46.0,5580.0,63.0,0.0,Period
924,2020-05-03,2020,Spring,87.0,63.94,14.75,26.0,44.5,100.0,213.0,63.0,-0.27,Period
925,2020-05-04,2020,Spring,88.0,58.53,14.25,35.0,48.5,100.0,1147.0,58.0,-0.26,Period
926,2020-05-05,2020,Spring,85.0,64.39,14.375,25.0,56.0,37.0,7274.0,59.0,-0.32,Period
928,2020-05-07,2020,Spring,94.0,62.01,14.25,30.0,86.5,100.0,5372.0,68.0,-0.25,Period
929,2020-05-08,2020,Spring,95.0,59.95,14.0,35.0,34.0,100.0,8528.0,65.0,-0.23,Period
930,2020-05-09,2020,Spring,90.0,63.71,14.0,31.0,40.5,100.0,9532.0,72.0,0.06,Follicular
931,2020-05-10,2020,Spring,93.0,59.26,13.875,36.0,46.0,100.0,8744.0,72.0,-0.29,Follicular
932,2020-05-11,2020,Spring,85.0,58.66,13.625,35.0,39.0,81.0,7686.0,68.0,-0.27,Follicular
934,2020-05-13,2020,Spring,88.0,58.91,14.125,35.0,70.0,90.0,12985.0,71.0,-0.05,Follicular
935,2020-05-14,2020,Spring,89.0,58.24,13.75,35.0,95.5,100.0,2281.0,65.0,-0.25,Follicular
936,2020-05-15,2020,Spring,94.0,58.14,14.125,35.0,64.0,100.0,5292.0,66.0,-0.3,Ovulation
937,2020-05-16,2020,Spring,88.0,60.88,13.875,30.0,68.0,45.0,7339.0,66.0,-0.28,Ovulation
938,2020-05-17,2020,Spring,80.0,66.21,14.375,25.0,39.5,45.0,9998.0,78.0,-0.07,Ovulation
939,2020-05-18,2020,Spring,84.0,64.15,13.875,28.0,37.0,100.0,3952.0,72.0,-0.27,Ovulation
940,2020-05-19,2020,Spring,78.0,63.22,14.25,26.0,50.0,80.0,6758.0,77.0,-0.12,Ovulation
941,2020-05-20,2020,Spring,79.0,63.49,14.125,26.0,32.5,100.0,8897.0,76.0,-0.32,Ovulation
942,2020-05-21,2020,Spring,76.0,68.03,14.625,26.0,36.0,42.0,16338.0,84.0,-0.23,Ovulation
943,2020-05-22,2020,Spring,72.0,68.23,14.125,26.0,32.0,55.0,15610.0,88.0,-0.15,Lutheal
944,2020-05-23,2020,Spring,82.0,63.88,13.25,31.0,54.5,100.0,3546.0,85.0,0.06,Lutheal
946,2020-05-25,2020,Spring,87.0,63.21,13.5,37.0,34.0,100.0,13684.0,82.0,0.19,Lutheal
947,2020-05-26,2020,Spring,81.0,65.68,14.125,31.0,50.5,100.0,1146.0,84.0,0.38,Lutheal
948,2020-05-27,2020,Spring,81.0,67.21,14.5,29.0,43.5,47.0,10792.0,82.0,0.3,Lutheal
949,2020-05-28,2020,Spring,83.0,68.18,13.875,26.0,34.0,73.0,3327.0,80.0,0.21,Lutheal
950,2020-05-29,2020,Spring,81.0,68.05,14.375,26.0,44.5,86.0,117.0,72.0,0.13,Lutheal
951,2020-05-30,2020,Spring,78.0,67.4,14.5,24.0,37.5,90.0,268.0,68.0,0.33,Lutheal
952,2020-05-31,2020,Spring,71.0,70.24,14.75,24.0,40.0,86.0,5961.0,61.0,0.66,Lutheal
953,2020-06-01,2020,Summer,86.0,66.84,14.875,27.0,38.5,49.0,14004.0,67.0,0.1,Lutheal
954,2020-06-02,2020,Summer,87.0,63.1,14.5,32.0,41.0,100.0,9867.0,70.0,-0.04,Lutheal
955,2020-06-03,2020,Summer,90.0,60.46,14.25,39.0,39.0,100.0,10413.0,64.0,-0.24,Period
956,2020-06-04,2020,Summer,82.0,60.73,13.875,35.0,16.5,50.0,3303.0,71.0,-0.16,Period
957,2020-06-05,2020,Summer,92.0,59.78,14.25,35.0,34.5,100.0,9658.0,72.0,0.05,Period
958,2020-06-06,2020,Summer,88.0,60.87,14.375,33.0,49.5,86.0,11602.0,72.0,-0.09,Period
959,2020-06-07,2020,Summer,88.0,60.21,14.0,35.0,36.0,100.0,5591.0,74.0,-0.02,Period
960,2020-06-08,2020,Summer,86.0,62.0,14.5,25.0,26.0,54.0,10344.0,69.0,-0.02,Period
961,2020-06-09,2020,Summer,91.0,60.62,14.0,34.0,56.5,100.0,6241.0,70.0,-0.02,Follicular
962,2020-06-10,2020,Summer,83.0,61.72,14.125,31.0,43.0,24.0,9645.0,70.0,-0.37,Follicular
963,2020-06-11,2020,Summer,82.0,59.47,13.875,36.0,45.5,46.0,11296.0,78.0,-0.28,Follicular
964,2020-06-12,2020,Summer,72.0,63.57,14.375,31.0,30.5,54.0,14318.0,85.0,-0.2,Follicular
965,2020-06-13,2020,Summer,88.0,59.53,14.0,34.0,76.0,100.0,10087.0,80.0,-0.13,Ovulation
966,2020-06-14,2020,Summer,85.0,59.22,14.125,37.0,22.0,100.0,12153.0,85.0,-0.34,Ovulation
967,2020-06-15,2020,Summer,77.0,62.39,14.125,28.0,24.5,27.0,2437.0,81.0,-0.33,Ovulation
968,2020-06-16,2020,Summer,83.0,60.58,14.0,31.0,31.0,100.0,6565.0,74.0,-0.32,Ovulation
969,2020-06-17,2020,Summer,86.0,58.5,14.125,38.0,33.5,100.0,6541.0,75.0,-0.02,Ovulation
970,2020-06-18,2020,Summer,88.0,60.75,13.875,31.0,30.0,100.0,12759.0,82.0,-0.51,Ovulation
971,2020-06-19,2020,Summer,83.0,59.4,13.875,31.0,53.5,98.0,5525.0,78.0,-0.21,Ovulation
972,2020-06-20,2020,Summer,76.0,63.35,14.0,24.0,30.5,99.0,19562.0,84.0,-0.35,Lutheal
973,2020-06-21,2020,Summer,70.0,65.81,14.5,23.0,9.0,64.0,4333.0,82.0,-0.41,Lutheal
974,2020-06-22,2020,Summer,74.0,64.4,14.25,27.0,23.0,8.0,14388.0,83.0,-0.11,Lutheal
975,2020-06-23,2020,Summer,68.0,66.22,14.75,25.0,9.5,100.0,10930.0,91.0,0.23,Lutheal
976,2020-06-24,2020,Summer,78.0,64.3,14.375,30.0,29.5,100.0,12612.0,94.0,0.22,Lutheal
977,2020-06-25,2020,Summer,70.0,62.66,13.5,29.0,19.0,47.0,10491.0,87.0,0.15,Lutheal
978,2020-06-26,2020,Summer,71.0,63.55,13.875,35.0,7.0,90.0,8257.0,93.0,0.28,Lutheal
979,2020-06-27,2020,Summer,77.0,65.34,14.375,28.0,60.0,100.0,1725.0,85.0,0.06,Lutheal
980,2020-06-28,2020,Summer,70.0,66.69,14.25,33.0,44.5,23.0,5384.0,79.0,0.27,Lutheal
981,2020-06-29,2020,Summer,80.0,61.23,15.0,32.0,12.5,100.0,10092.0,73.0,0.37,Lutheal
982,2020-06-30,2020,Summer,80.0,62.41,14.625,31.0,53.0,100.0,344.0,72.0,0.36,Lutheal
983,2020-07-01,2020,Summer,78.0,62.18,14.625,36.0,41.5,63.0,12325.0,74.0,0.21,Lutheal
984,2020-07-02,2020,Summer,77.0,62.23,14.625,37.0,39.5,35.0,8476.0,70.0,0.34,Lutheal
985,2020-07-03,2020,Summer,76.0,59.43,14.875,37.0,36.0,49.0,8051.0,75.0,0.19,Period
986,2020-07-04,2020,Summer,86.0,58.27,14.75,37.0,28.5,79.0,3730.0,74.0,0.19,Follicular
987,2020-07-05,2020,Summer,83.0,56.0,14.75,41.0,32.5,100.0,5292.0,71.0,-0.16,Follicular
988,2020-07-06,2020,Summer,84.0,57.2,14.75,33.0,38.5,79.0,15954.0,78.0,-0.02,Follicular
989,2020-07-07,2020,Summer,80.0,60.3,14.625,32.0,75.5,99.0,15217.0,85.0,-0.29,Follicular
990,2020-07-08,2020,Summer,82.0,60.16,14.625,35.0,21.5,63.0,7916.0,77.0,-0.21,Follicular
992,2020-07-10,2020,Summer,81.0,56.26,14.375,43.0,46.5,54.0,15539.0,75.0,-0.27,Follicular
993,2020-07-11,2020,Summer,91.0,56.85,14.5,39.0,59.5,100.0,9771.0,83.0,-0.13,Follicular
994,2020-07-12,2020,Summer,79.0,60.32,14.375,37.0,45.0,98.0,6465.0,80.0,-0.13,Ovulation
995,2020-07-13,2020,Summer,86.0,58.81,14.375,40.0,27.5,89.0,12042.0,77.0,-0.12,Ovulation
996,2020-07-14,2020,Summer,86.0,57.24,14.5,41.0,38.5,100.0,12338.0,80.0,-0.33,Ovulation
997,2020-07-15,2020,Summer,91.0,56.75,14.375,39.0,57.5,100.0,6748.0,76.0,-0.32,Ovulation
998,2020-07-16,2020,Summer,92.0,56.86,14.0,40.0,53.0,75.0,15013.0,78.0,-0.17,Ovulation
999,2020-07-17,2020,Summer,86.0,57.47,14.375,38.0,42.5,90.0,5383.0,70.0,-0.31,Ovulation
1000,2020-07-18,2020,Summer,90.0,57.25,14.125,40.0,69.5,100.0,9076.0,69.0,-0.08,Ovulation
1001,2020-07-19,2020,Summer,86.0,59.36,14.0,32.0,53.0,100.0,20457.0,80.0,-0.22,Lutheal
1003,2020-07-21,2020,Summer,83.0,59.67,13.75,33.0,40.0,100.0,13867.0,83.0,-0.01,Lutheal
1004,2020-07-22,2020,Summer,88.0,57.12,14.0,39.0,70.0,100.0,7672.0,80.0,0.06,Lutheal
1005,2020-07-23,2020,Summer,84.0,63.38,14.75,29.0,54.5,100.0,10576.0,85.0,0.19,Lutheal
1006,2020-07-24,2020,Summer,91.0,61.25,13.875,38.0,69.5,100.0,6125.0,83.0,0.19,Lutheal
1007,2020-07-25,2020,Summer,83.0,64.22,14.625,32.0,66.5,73.0,46.0,84.0,0.25,Lutheal
1008,2020-07-26,2020,Summer,62.0,71.18,15.25,25.0,35.0,15.0,6390.0,75.0,0.52,Lutheal
1009,2020-07-27,2020,Summer,83.0,63.13,14.375,32.0,32.5,53.0,9739.0,76.0,0.3,Lutheal
1010,2020-07-28,2020,Summer,80.0,64.44,14.5,32.0,10.0,43.0,9806.0,68.0,0.22,Lutheal
1011,2020-07-29,2020,Summer,83.0,64.61,14.25,30.0,38.0,100.0,8285.0,69.0,0.28,Lutheal
1012,2020-07-30,2020,Summer,75.0,65.6,14.375,27.0,41.0,89.0,536.0,64.0,0.41,Lutheal
1013,2020-07-31,2020,Summer,83.0,64.37,14.75,30.0,48.0,55.0,12899.0,65.0,0.33,Period
1014,2020-08-01,2020,Summer,65.0,70.0,15.0,23.0,35.5,97.0,8596.0,67.0,0.45,Period
1015,2020-08-02,2020,Summer,81.0,64.86,14.25,34.0,20.5,39.0,5864.0,67.0,0.3,Period
1016,2020-08-03,2020,Summer,84.0,62.72,14.25,38.0,65.5,94.0,11787.0,76.0,0.02,Period
1017,2020-08-04,2020,Summer,84.0,57.7,14.0,45.0,45.0,100.0,12981.0,87.0,0.16,Follicular
1018,2020-08-05,2020,Summer,88.0,59.5,14.25,38.0,50.5,100.0,6135.0,88.0,-0.05,Follicular
1019,2020-08-06,2020,Summer,87.0,58.72,14.125,36.0,43.0,93.0,5004.0,89.0,-0.19,Follicular
1021,2020-08-08,2020,Summer,80.0,61.27,13.375,41.0,58.5,38.0,19234.0,88.0,-0.39,Follicular
1022,2020-08-09,2020,Summer,73.0,60.25,13.625,50.0,73.5,71.0,19512.0,94.0,-0.03,Follicular
1025,2020-08-12,2020,Summer,86.0,60.42,14.375,37.0,37.0,100.0,14755.0,71.0,-0.03,Ovulation
1027,2020-08-14,2020,Summer,80.0,62.03,14.0,37.0,34.0,58.0,3572.0,86.0,-0.17,Ovulation
1029,2020-08-16,2020,Summer,69.0,64.64,14.875,32.0,9.0,69.0,16035.0,83.0,-0.72,Ovulation
1030,2020-08-17,2020,Summer,71.0,63.89,14.0,30.0,54.5,50.0,9507.0,84.0,-0.5,Ovulation
1031,2020-08-18,2020,Summer,72.0,66.14,14.125,27.0,39.5,79.0,10684.0,90.0,-0.48,Lutheal
1032,2020-08-19,2020,Summer,65.0,71.13,14.0,20.0,41.5,100.0,8265.0,93.0,-0.05,Lutheal
1033,2020-08-20,2020,Summer,72.0,67.9,14.5,25.0,30.5,56.0,7325.0,85.0,-0.19,Lutheal
1035,2020-08-22,2020,Summer,79.0,64.76,14.0,30.0,44.0,100.0,14467.0,93.0,0.15,Lutheal
1036,2020-08-23,2020,Summer,78.0,64.72,13.75,29.0,53.5,75.0,11291.0,89.0,0.01,Lutheal
1037,2020-08-24,2020,Summer,83.0,64.14,14.125,31.0,57.0,100.0,219.0,87.0,0.08,Lutheal
1038,2020-08-25,2020,Summer,78.0,65.46,13.625,26.0,32.0,43.0,6307.0,80.0,0.15,Lutheal
1039,2020-08-26,2020,Summer,78.0,65.29,13.875,32.0,54.5,56.0,1817.0,65.0,0.07,Lutheal
1040,2020-08-27,2020,Summer,79.0,64.31,13.875,34.0,27.5,80.0,5816.0,68.0,0.0,Lutheal
1041,2020-08-28,2020,Summer,73.0,69.81,14.125,21.0,29.5,65.0,2882.0,63.0,0.41,Lutheal
1042,2020-08-29,2020,Summer,81.0,65.73,14.125,30.0,28.0,63.0,8547.0,58.0,0.33,Lutheal
1043,2020-08-30,2020,Summer,84.0,63.86,14.375,32.0,33.5,100.0,9870.0,57.0,0.25,Lutheal
1044,2020-08-31,2020,Summer,78.0,63.74,14.0,31.0,52.5,57.0,7651.0,57.0,0.24,Lutheal
1045,2020-09-01,2020,Autumn,83.0,62.91,14.375,31.0,58.5,57.0,8607.0,62.0,0.17,Lutheal
1046,2020-09-02,2020,Autumn,75.0,59.31,14.125,37.0,26.0,34.0,4824.0,67.0,-0.24,Period
1047,2020-09-03,2020,Autumn,81.0,61.22,13.875,32.0,48.5,68.0,379.0,65.0,0.03,Period
1049,2020-10-06,2020,Autumn,64.0,66.68,14.25,29.0,29.0,56.0,4584.0,53.0,0.09,Period
1050,2020-10-07,2020,Autumn,75.0,66.01,14.5,35.0,116.5,93.0,1076.0,59.0,0.05,Period
1051,2020-10-08,2020,Autumn,82.0,60.86,13.625,29.0,65.0,100.0,13483.0,74.0,-0.3,Period
1052,2020-10-09,2020,Autumn,65.0,67.14,13.875,24.0,22.0,34.0,10196.0,80.0,-0.26,Period
1053,2020-10-10,2020,Autumn,81.0,62.06,13.625,35.0,57.0,90.0,18908.0,93.0,-0.1,Follicular
1054,2020-10-11,2020,Autumn,70.0,65.75,14.125,29.0,16.5,48.0,9447.0,84.0,0.01,Follicular
1056,2020-10-13,2020,Autumn,83.0,61.5,13.375,39.0,81.5,100.0,10138.0,83.0,-0.1,Follicular
1057,2020-10-14,2020,Autumn,83.0,60.56,13.5,35.0,66.5,100.0,7659.0,77.0,-0.18,Follicular
1058,2020-10-15,2020,Autumn,82.0,59.54,13.125,40.0,119.0,72.0,14740.0,72.0,-0.02,Follicular
1059,2020-10-16,2020,Autumn,72.0,61.75,13.125,31.0,49.0,100.0,13677.0,68.0,-0.27,Follicular
1060,2020-10-17,2020,Autumn,82.0,58.15,13.375,39.0,76.5,100.0,13794.0,73.0,-0.2,Follicular
1061,2020-10-18,2020,Autumn,81.0,59.7,13.5,38.0,70.0,100.0,6830.0,81.0,-0.21,Follicular
1062,2020-10-19,2020,Autumn,76.0,60.62,13.375,32.0,90.0,61.0,7011.0,94.0,0.04,Follicular
1063,2020-10-20,2020,Autumn,75.0,63.5,13.5,37.0,114.5,100.0,8870.0,83.0,0.07,Ovulation
1064,2020-10-21,2020,Autumn,80.0,60.61,13.375,40.0,77.5,100.0,9755.0,77.0,-0.1,Ovulation
1065,2020-10-22,2020,Autumn,73.0,64.98,13.125,32.0,64.5,100.0,13458.0,82.0,-0.18,Ovulation
1066,2020-10-23,2020,Autumn,71.0,65.75,13.0,26.0,70.5,36.0,2411.0,61.0,-0.16,Ovulation
1067,2020-10-24,2020,Autumn,75.0,66.04,13.125,28.0,65.5,100.0,4478.0,79.0,-0.07,Ovulation
1068,2020-10-25,2020,Autumn,71.0,69.25,13.75,25.0,61.0,26.0,1120.0,80.0,-0.06,Ovulation
1069,2020-10-26,2020,Autumn,75.0,66.98,13.5,28.0,49.0,74.0,7236.0,71.0,-0.01,Ovulation
1070,2020-10-27,2020,Autumn,77.0,68.22,13.625,27.0,82.0,100.0,9987.0,73.0,0.27,Lutheal
1071,2020-10-28,2020,Autumn,71.0,69.42,13.625,28.0,94.0,53.0,9481.0,80.0,0.24,Lutheal
1072,2020-10-29,2020,Autumn,71.0,69.28,13.875,31.0,71.0,100.0,4656.0,70.0,0.34,Lutheal
1073,2020-10-30,2020,Autumn,72.0,70.97,14.375,28.0,43.5,60.0,9389.0,75.0,0.1,Lutheal
1074,2020-10-31,2020,Autumn,66.0,69.86,13.75,29.0,54.5,38.0,7737.0,84.0,0.28,Lutheal
1075,2020-11-01,2020,Autumn,63.0,68.9,13.75,28.0,38.5,66.0,5791.0,86.0,0.47,Lutheal
1076,2020-11-02,2020,Autumn,77.0,67.34,13.75,31.0,83.0,44.0,7375.0,86.0,0.38,Lutheal
1077,2020-11-03,2020,Autumn,69.0,67.49,14.0,32.0,60.0,71.0,3607.0,0.0,0.59,Lutheal
1078,2020-11-04,2020,Autumn,68.0,67.37,13.875,30.0,79.5,40.0,8276.0,0.0,0.49,Lutheal
1079,2020-11-05,2020,Autumn,61.0,71.05,14.0,23.0,44.5,35.0,4344.0,0.0,0.54,Lutheal
1080,2020-11-06,2020,Autumn,70.0,69.9,13.75,23.0,52.0,68.0,4844.0,0.0,0.4,Lutheal
1081,2020-11-07,2020,Autumn,74.0,67.79,14.0,30.0,66.5,93.0,6898.0,0.0,0.39,Lutheal
1082,2020-11-08,2020,Autumn,68.0,67.62,14.375,32.0,83.0,37.0,10033.0,0.0,-0.09,Lutheal
1083,2020-11-09,2020,Autumn,78.0,62.13,14.125,35.0,84.0,100.0,4095.0,0.0,-0.03,Period
1084,2020-11-10,2020,Autumn,83.0,60.1,13.75,36.0,95.0,79.0,5974.0,0.0,0.19,Period
1085,2020-11-11,2020,Autumn,75.0,63.8,13.625,29.0,83.0,57.0,10054.0,0.0,0.04,Period
1086,2020-11-12,2020,Autumn,83.0,60.68,13.5,35.0,89.0,62.0,4489.0,93.0,0.04,Period
1087,2020-11-13,2020,Autumn,82.0,63.73,14.0,32.0,63.5,100.0,704.0,94.0,0.03,Period
1088,2020-11-14,2020,Autumn,81.0,62.04,13.5,31.0,77.5,37.0,7263.0,89.0,-0.02,Period
1089,2020-11-15,2020,Autumn,84.0,63.38,13.5,33.0,78.5,100.0,8044.0,81.0,0.01,Period
1090,2020-11-16,2020,Autumn,78.0,61.64,13.875,35.0,47.0,73.0,4251.0,67.0,0.01,Follicular
1091,2020-11-17,2020,Autumn,56.0,65.26,15.0,37.0,56.0,42.0,3292.0,70.0,-0.03,Follicular
1092,2020-11-18,2020,Autumn,78.0,64.93,13.375,31.0,57.5,65.0,2475.0,57.0,-0.04,Follicular
1094,2020-11-20,2020,Autumn,79.0,62.85,13.25,35.0,93.0,25.0,4652.0,55.0,-0.06,Follicular
1095,2020-11-21,2020,Autumn,81.0,66.36,13.875,30.0,82.0,77.0,9105.0,67.0,0.15,Follicular
1096,2020-11-22,2020,Autumn,87.0,64.93,13.5,31.0,104.0,100.0,9989.0,72.0,0.01,Follicular
1097,2020-11-23,2020,Autumn,87.0,65.84,13.75,28.0,39.0,87.0,13267.0,79.0,0.06,Ovulation
1098,2020-11-24,2020,Autumn,82.0,65.05,13.5,30.0,48.0,86.0,6757.0,73.0,0.06,Ovulation
1099,2020-11-25,2020,Autumn,74.0,67.65,13.375,27.0,68.5,58.0,1282.0,75.0,0.01,Ovulation
1100,2020-11-26,2020,Autumn,84.0,66.93,13.375,32.0,65.5,70.0,6099.0,80.0,-0.04,Ovulation
1101,2020-11-27,2020,Autumn,73.0,70.83,13.5,24.0,52.5,51.0,5080.0,79.0,-0.04,Ovulation
1102,2020-11-28,2020,Autumn,71.0,71.8,13.875,22.0,24.5,75.0,601.0,76.0,-0.04,Ovulation
1103,2020-11-29,2020,Autumn,74.0,68.89,13.875,26.0,46.0,100.0,10557.0,77.0,0.06,Ovulation
1104,2020-11-30,2020,Autumn,74.0,69.15,13.375,27.0,49.5,54.0,4665.0,72.0,0.38,Lutheal
1106,2020-12-02,2020,Winter,83.0,68.22,13.375,31.0,107.0,53.0,5743.0,69.0,0.34,Lutheal
1107,2020-12-03,2020,Winter,67.0,72.16,13.5,25.0,60.0,68.0,6938.0,70.0,0.38,Lutheal
